{"insertId":"hlxzwgvsf7t4z3b4k","logName":"projects/csci-8990-096-ra-abeer/logs/stdout","receiveTimestamp":"2019-07-15T18:00:56.003223343Z","resource":{"labels":{"cluster_name":"standard-cluster-1","container_name":"googlepreprocessing","location":"us-central1-a","namespace_name":"default","pod_name":"googlepreprocessing-77d4f664bd-wkl99","project_id":"csci-8990-096-ra-abeer"},"type":"k8s_container"},"severity":"INFO","textPayload":"Time from pull message to finish/acknowledge: 0.012630939483642578\n","timestamp":"2019-07-15T18:00:31.681937377Z"}
{"insertId":"hlxzwgvsf7t4z3b4p","logName":"projects/csci-8990-096-ra-abeer/logs/stdout","receiveTimestamp":"2019-07-15T18:00:56.003223343Z","resource":{"labels":{"cluster_name":"standard-cluster-1","container_name":"googlepreprocessing","location":"us-central1-a","namespace_name":"default","pod_name":"googlepreprocessing-77d4f664bd-wkl99","project_id":"csci-8990-096-ra-abeer"},"type":"k8s_container"},"severity":"INFO","textPayload":"Time from pull message to finish/acknowledge: 0.01874375343322754\n","timestamp":"2019-07-15T18:00:31.683237778Z"}
{"insertId":"hlxzwgvsf7t4z3b4r","logName":"projects/csci-8990-096-ra-abeer/logs/stdout","receiveTimestamp":"2019-07-15T18:00:56.003223343Z","resource":{"labels":{"cluster_name":"standard-cluster-1","container_name":"googlepreprocessing","location":"us-central1-a","namespace_name":"default","pod_name":"googlepreprocessing-77d4f664bd-wkl99","project_id":"csci-8990-096-ra-abeer"},"type":"k8s_container"},"severity":"INFO","textPayload":"Time from pull message to finish/acknowledge: 0.026216506958007812\n","timestamp":"2019-07-15T18:00:31.683483223Z"}
{"insertId":"hlxzwgvsf7t4z3b4y","logName":"projects/csci-8990-096-ra-abeer/logs/stdout","receiveTimestamp":"2019-07-15T18:00:56.003223343Z","resource":{"labels":{"cluster_name":"standard-cluster-1","container_name":"googlepreprocessing","location":"us-central1-a","namespace_name":"default","pod_name":"googlepreprocessing-77d4f664bd-wkl99","project_id":"csci-8990-096-ra-abeer"},"type":"k8s_container"},"severity":"INFO","textPayload":"Time from pull message to finish/acknowledge: 0.001737833023071289\n","timestamp":"2019-07-15T18:00:31.686112141Z"}
{"insertId":"hlxzwgvsf7t4z3b5q","logName":"projects/csci-8990-096-ra-abeer/logs/stdout","receiveTimestamp":"2019-07-15T18:00:56.003223343Z","resource":{"labels":{"cluster_name":"standard-cluster-1","container_name":"googlepreprocessing","location":"us-central1-a","namespace_name":"default","pod_name":"googlepreprocessing-77d4f664bd-wkl99","project_id":"csci-8990-096-ra-abeer"},"type":"k8s_container"},"severity":"INFO","textPayload":"Time from pull message to finish/acknowledge: 0.010786294937133789\n","timestamp":"2019-07-15T18:00:31.694933964Z"}
{"insertId":"hlxzwgvsf7t4z3b5x","logName":"projects/csci-8990-096-ra-abeer/logs/stdout","receiveTimestamp":"2019-07-15T18:00:56.003223343Z","resource":{"labels":{"cluster_name":"standard-cluster-1","container_name":"googlepreprocessing","location":"us-central1-a","namespace_name":"default","pod_name":"googlepreprocessing-77d4f664bd-wkl99","project_id":"csci-8990-096-ra-abeer"},"type":"k8s_container"},"severity":"INFO","textPayload":"Time from pull message to finish/acknowledge: 0.021288633346557617\n","timestamp":"2019-07-15T18:00:31.698273412Z"}
{"insertId":"hlxzwgvsf7t4z3b5y","logName":"projects/csci-8990-096-ra-abeer/logs/stdout","receiveTimestamp":"2019-07-15T18:00:56.003223343Z","resource":{"labels":{"cluster_name":"standard-cluster-1","container_name":"googlepreprocessing","location":"us-central1-a","namespace_name":"default","pod_name":"googlepreprocessing-77d4f664bd-wkl99","project_id":"csci-8990-096-ra-abeer"},"type":"k8s_container"},"severity":"INFO","textPayload":"Time from pull message to finish/acknowledge: 0.008347511291503906\n","timestamp":"2019-07-15T18:00:31.698444676Z"}
{"insertId":"hlxzwgvsf7t4z3b6g","logName":"projects/csci-8990-096-ra-abeer/logs/stdout","receiveTimestamp":"2019-07-15T18:00:56.003223343Z","resource":{"labels":{"cluster_name":"standard-cluster-1","container_name":"googlepreprocessing","location":"us-central1-a","namespace_name":"default","pod_name":"googlepreprocessing-77d4f664bd-wkl99","project_id":"csci-8990-096-ra-abeer"},"type":"k8s_container"},"severity":"INFO","textPayload":"Time from pull message to finish/acknowledge: 0.026967525482177734\n","timestamp":"2019-07-15T18:00:31.699998311Z"}
{"insertId":"hlxzwgvsf7t4z3b6i","logName":"projects/csci-8990-096-ra-abeer/logs/stdout","receiveTimestamp":"2019-07-15T18:00:56.003223343Z","resource":{"labels":{"cluster_name":"standard-cluster-1","container_name":"googlepreprocessing","location":"us-central1-a","namespace_name":"default","pod_name":"googlepreprocessing-77d4f664bd-wkl99","project_id":"csci-8990-096-ra-abeer"},"type":"k8s_container"},"severity":"INFO","textPayload":"Time from pull message to finish/acknowledge: 0.02697920799255371\n","timestamp":"2019-07-15T18:00:31.700216673Z"}
{"insertId":"hlxzwgvsf7t4z3b6n","logName":"projects/csci-8990-096-ra-abeer/logs/stdout","receiveTimestamp":"2019-07-15T18:00:56.003223343Z","resource":{"labels":{"cluster_name":"standard-cluster-1","container_name":"googlepreprocessing","location":"us-central1-a","namespace_name":"default","pod_name":"googlepreprocessing-77d4f664bd-wkl99","project_id":"csci-8990-096-ra-abeer"},"type":"k8s_container"},"severity":"INFO","textPayload":"Time from pull message to finish/acknowledge: 0.014456748962402344\n","timestamp":"2019-07-15T18:00:31.704061401Z"}
{"insertId":"hlxzwgvsf7t4z3b6s","logName":"projects/csci-8990-096-ra-abeer/logs/stdout","receiveTimestamp":"2019-07-15T18:00:56.003223343Z","resource":{"labels":{"cluster_name":"standard-cluster-1","container_name":"googlepreprocessing","location":"us-central1-a","namespace_name":"default","pod_name":"googlepreprocessing-77d4f664bd-wkl99","project_id":"csci-8990-096-ra-abeer"},"type":"k8s_container"},"severity":"INFO","textPayload":"Time from pull message to finish/acknowledge: 0.02642059326171875\n","timestamp":"2019-07-15T18:00:31.706946178Z"}
{"insertId":"hlxzwgvsf7t4z3b6u","logName":"projects/csci-8990-096-ra-abeer/logs/stdout","receiveTimestamp":"2019-07-15T18:00:56.003223343Z","resource":{"labels":{"cluster_name":"standard-cluster-1","container_name":"googlepreprocessing","location":"us-central1-a","namespace_name":"default","pod_name":"googlepreprocessing-77d4f664bd-wkl99","project_id":"csci-8990-096-ra-abeer"},"type":"k8s_container"},"severity":"INFO","textPayload":"Time from pull message to finish/acknowledge: 0.012735366821289062\n","timestamp":"2019-07-15T18:00:31.707915123Z"}
{"insertId":"hlxzwgvsf7t4z3b6x","logName":"projects/csci-8990-096-ra-abeer/logs/stdout","receiveTimestamp":"2019-07-15T18:00:56.003223343Z","resource":{"labels":{"cluster_name":"standard-cluster-1","container_name":"googlepreprocessing","location":"us-central1-a","namespace_name":"default","pod_name":"googlepreprocessing-77d4f664bd-wkl99","project_id":"csci-8990-096-ra-abeer"},"type":"k8s_container"},"severity":"INFO","textPayload":"Time from pull message to finish/acknowledge: 0.021729707717895508\n","timestamp":"2019-07-15T18:00:31.709653938Z"}
{"insertId":"hlxzwgvsf7t4z3b7i","logName":"projects/csci-8990-096-ra-abeer/logs/stdout","receiveTimestamp":"2019-07-15T18:00:56.003223343Z","resource":{"labels":{"cluster_name":"standard-cluster-1","container_name":"googlepreprocessing","location":"us-central1-a","namespace_name":"default","pod_name":"googlepreprocessing-77d4f664bd-wkl99","project_id":"csci-8990-096-ra-abeer"},"type":"k8s_container"},"severity":"INFO","textPayload":"Time from pull message to finish/acknowledge: 0.030718564987182617\n","timestamp":"2019-07-15T18:00:31.713014012Z"}
{"insertId":"hlxzwgvsf7t4z3b7y","logName":"projects/csci-8990-096-ra-abeer/logs/stdout","receiveTimestamp":"2019-07-15T18:00:56.003223343Z","resource":{"labels":{"cluster_name":"standard-cluster-1","container_name":"googlepreprocessing","location":"us-central1-a","namespace_name":"default","pod_name":"googlepreprocessing-77d4f664bd-wkl99","project_id":"csci-8990-096-ra-abeer"},"type":"k8s_container"},"severity":"INFO","textPayload":"Time from pull message to finish/acknowledge: 0.008206844329833984\n","timestamp":"2019-07-15T18:00:31.718075313Z"}
{"insertId":"hlxzwgvsf7t4z3b8e","logName":"projects/csci-8990-096-ra-abeer/logs/stdout","receiveTimestamp":"2019-07-15T18:00:56.003223343Z","resource":{"labels":{"cluster_name":"standard-cluster-1","container_name":"googlepreprocessing","location":"us-central1-a","namespace_name":"default","pod_name":"googlepreprocessing-77d4f664bd-wkl99","project_id":"csci-8990-096-ra-abeer"},"type":"k8s_container"},"severity":"INFO","textPayload":"Time from pull message to finish/acknowledge: 0.0014421939849853516\n","timestamp":"2019-07-15T18:00:31.719725723Z"}
{"insertId":"hlxzwgvsf7t4z3b8g","logName":"projects/csci-8990-096-ra-abeer/logs/stdout","receiveTimestamp":"2019-07-15T18:00:56.003223343Z","resource":{"labels":{"cluster_name":"standard-cluster-1","container_name":"googlepreprocessing","location":"us-central1-a","namespace_name":"default","pod_name":"googlepreprocessing-77d4f664bd-wkl99","project_id":"csci-8990-096-ra-abeer"},"type":"k8s_container"},"severity":"INFO","textPayload":"Time from pull message to finish/acknowledge: 0.006391286849975586\n","timestamp":"2019-07-15T18:00:31.720465595Z"}
{"insertId":"hlxzwgvsf7t4z3b8m","logName":"projects/csci-8990-096-ra-abeer/logs/stdout","receiveTimestamp":"2019-07-15T18:00:56.003223343Z","resource":{"labels":{"cluster_name":"standard-cluster-1","container_name":"googlepreprocessing","location":"us-central1-a","namespace_name":"default","pod_name":"googlepreprocessing-77d4f664bd-wkl99","project_id":"csci-8990-096-ra-abeer"},"type":"k8s_container"},"severity":"INFO","textPayload":"Time from pull message to finish/acknowledge: 0.023287534713745117\n","timestamp":"2019-07-15T18:00:31.722805608Z"}
{"insertId":"hlxzwgvsf7t4z3b8p","logName":"projects/csci-8990-096-ra-abeer/logs/stdout","receiveTimestamp":"2019-07-15T18:00:56.003223343Z","resource":{"labels":{"cluster_name":"standard-cluster-1","container_name":"googlepreprocessing","location":"us-central1-a","namespace_name":"default","pod_name":"googlepreprocessing-77d4f664bd-wkl99","project_id":"csci-8990-096-ra-abeer"},"type":"k8s_container"},"severity":"INFO","textPayload":"Time from pull message to finish/acknowledge: 0.026135921478271484\n","timestamp":"2019-07-15T18:00:31.724900691Z"}
{"insertId":"hlxzwgvsf7t4z3b9d","logName":"projects/csci-8990-096-ra-abeer/logs/stdout","receiveTimestamp":"2019-07-15T18:00:56.003223343Z","resource":{"labels":{"cluster_name":"standard-cluster-1","container_name":"googlepreprocessing","location":"us-central1-a","namespace_name":"default","pod_name":"googlepreprocessing-77d4f664bd-wkl99","project_id":"csci-8990-096-ra-abeer"},"type":"k8s_container"},"severity":"INFO","textPayload":"Time from pull message to finish/acknowledge: 0.01453089714050293\n","timestamp":"2019-07-15T18:00:31.730644272Z"}
{"insertId":"hlxzwgvsf7t4z3b9e","logName":"projects/csci-8990-096-ra-abeer/logs/stdout","receiveTimestamp":"2019-07-15T18:00:56.003223343Z","resource":{"labels":{"cluster_name":"standard-cluster-1","container_name":"googlepreprocessing","location":"us-central1-a","namespace_name":"default","pod_name":"googlepreprocessing-77d4f664bd-wkl99","project_id":"csci-8990-096-ra-abeer"},"type":"k8s_container"},"severity":"INFO","textPayload":"Time from pull message to finish/acknowledge: 0.01896071434020996\n","timestamp":"2019-07-15T18:00:31.730834613Z"}
{"insertId":"hlxzwgvsf7t4z3b9g","logName":"projects/csci-8990-096-ra-abeer/logs/stdout","receiveTimestamp":"2019-07-15T18:00:56.003223343Z","resource":{"labels":{"cluster_name":"standard-cluster-1","container_name":"googlepreprocessing","location":"us-central1-a","namespace_name":"default","pod_name":"googlepreprocessing-77d4f664bd-wkl99","project_id":"csci-8990-096-ra-abeer"},"type":"k8s_container"},"severity":"INFO","textPayload":"Time from pull message to finish/acknowledge: 0.01967144012451172\n","timestamp":"2019-07-15T18:00:31.731269734Z"}
{"insertId":"hlxzwgvsf7t4z3b9j","logName":"projects/csci-8990-096-ra-abeer/logs/stdout","receiveTimestamp":"2019-07-15T18:00:56.003223343Z","resource":{"labels":{"cluster_name":"standard-cluster-1","container_name":"googlepreprocessing","location":"us-central1-a","namespace_name":"default","pod_name":"googlepreprocessing-77d4f664bd-wkl99","project_id":"csci-8990-096-ra-abeer"},"type":"k8s_container"},"severity":"INFO","textPayload":"Time from pull message to finish/acknowledge: 0.01585555076599121\n","timestamp":"2019-07-15T18:00:31.731740994Z"}
{"insertId":"hlxzwgvsf7t4z3c0e","logName":"projects/csci-8990-096-ra-abeer/logs/stdout","receiveTimestamp":"2019-07-15T18:00:56.003223343Z","resource":{"labels":{"cluster_name":"standard-cluster-1","container_name":"googlepreprocessing","location":"us-central1-a","namespace_name":"default","pod_name":"googlepreprocessing-77d4f664bd-wkl99","project_id":"csci-8990-096-ra-abeer"},"type":"k8s_container"},"severity":"INFO","textPayload":"Time from pull message to finish/acknowledge: 0.007445573806762695\n","timestamp":"2019-07-15T18:00:31.7397481Z"}
{"insertId":"hlxzwgvsf7t4z3c0f","logName":"projects/csci-8990-096-ra-abeer/logs/stdout","receiveTimestamp":"2019-07-15T18:00:56.003223343Z","resource":{"labels":{"cluster_name":"standard-cluster-1","container_name":"googlepreprocessing","location":"us-central1-a","namespace_name":"default","pod_name":"googlepreprocessing-77d4f664bd-wkl99","project_id":"csci-8990-096-ra-abeer"},"type":"k8s_container"},"severity":"INFO","textPayload":"Time from pull message to finish/acknowledge: 0.007303714752197266\n","timestamp":"2019-07-15T18:00:31.739937709Z"}
{"insertId":"hlxzwgvsf7t4z3c0h","logName":"projects/csci-8990-096-ra-abeer/logs/stdout","receiveTimestamp":"2019-07-15T18:00:56.003223343Z","resource":{"labels":{"cluster_name":"standard-cluster-1","container_name":"googlepreprocessing","location":"us-central1-a","namespace_name":"default","pod_name":"googlepreprocessing-77d4f664bd-wkl99","project_id":"csci-8990-096-ra-abeer"},"type":"k8s_container"},"severity":"INFO","textPayload":"Time from pull message to finish/acknowledge: 0.01456594467163086\n","timestamp":"2019-07-15T18:00:31.740622145Z"}
{"insertId":"hlxzwgvsf7t4z3c0j","logName":"projects/csci-8990-096-ra-abeer/logs/stdout","receiveTimestamp":"2019-07-15T18:00:56.003223343Z","resource":{"labels":{"cluster_name":"standard-cluster-1","container_name":"googlepreprocessing","location":"us-central1-a","namespace_name":"default","pod_name":"googlepreprocessing-77d4f664bd-wkl99","project_id":"csci-8990-096-ra-abeer"},"type":"k8s_container"},"severity":"INFO","textPayload":"Time from pull message to finish/acknowledge: 0.013785362243652344\n","timestamp":"2019-07-15T18:00:31.740996234Z"}
{"insertId":"hlxzwgvsf7t4z3c0o","logName":"projects/csci-8990-096-ra-abeer/logs/stdout","receiveTimestamp":"2019-07-15T18:00:56.003223343Z","resource":{"labels":{"cluster_name":"standard-cluster-1","container_name":"googlepreprocessing","location":"us-central1-a","namespace_name":"default","pod_name":"googlepreprocessing-77d4f664bd-wkl99","project_id":"csci-8990-096-ra-abeer"},"type":"k8s_container"},"severity":"INFO","textPayload":"Time from pull message to finish/acknowledge: 0.031229257583618164\n","timestamp":"2019-07-15T18:00:31.744397791Z"}
{"insertId":"hlxzwgvsf7t4z3c0t","logName":"projects/csci-8990-096-ra-abeer/logs/stdout","receiveTimestamp":"2019-07-15T18:00:56.003223343Z","resource":{"labels":{"cluster_name":"standard-cluster-1","container_name":"googlepreprocessing","location":"us-central1-a","namespace_name":"default","pod_name":"googlepreprocessing-77d4f664bd-wkl99","project_id":"csci-8990-096-ra-abeer"},"type":"k8s_container"},"severity":"INFO","textPayload":"Time from pull message to finish/acknowledge: 0.012542486190795898\n","timestamp":"2019-07-15T18:00:31.745268646Z"}
{"insertId":"hlxzwgvsf7t4z3c1b","logName":"projects/csci-8990-096-ra-abeer/logs/stdout","receiveTimestamp":"2019-07-15T18:00:56.003223343Z","resource":{"labels":{"cluster_name":"standard-cluster-1","container_name":"googlepreprocessing","location":"us-central1-a","namespace_name":"default","pod_name":"googlepreprocessing-77d4f664bd-wkl99","project_id":"csci-8990-096-ra-abeer"},"type":"k8s_container"},"severity":"INFO","textPayload":"Time from pull message to finish/acknowledge: 0.020558595657348633\n","timestamp":"2019-07-15T18:00:31.747632909Z"}
{"insertId":"hlxzwgvsf7t4z3c1e","logName":"projects/csci-8990-096-ra-abeer/logs/stdout","receiveTimestamp":"2019-07-15T18:00:56.003223343Z","resource":{"labels":{"cluster_name":"standard-cluster-1","container_name":"googlepreprocessing","location":"us-central1-a","namespace_name":"default","pod_name":"googlepreprocessing-77d4f664bd-wkl99","project_id":"csci-8990-096-ra-abeer"},"type":"k8s_container"},"severity":"INFO","textPayload":"Time from pull message to finish/acknowledge: 0.04898715019226074\n","timestamp":"2019-07-15T18:00:31.748648732Z"}
{"insertId":"hlxzwgvsf7t4z3c1r","logName":"projects/csci-8990-096-ra-abeer/logs/stdout","receiveTimestamp":"2019-07-15T18:00:56.003223343Z","resource":{"labels":{"cluster_name":"standard-cluster-1","container_name":"googlepreprocessing","location":"us-central1-a","namespace_name":"default","pod_name":"googlepreprocessing-77d4f664bd-wkl99","project_id":"csci-8990-096-ra-abeer"},"type":"k8s_container"},"severity":"INFO","textPayload":"Time from pull message to finish/acknowledge: 0.02073526382446289\n","timestamp":"2019-07-15T18:00:31.75321602Z"}
{"insertId":"hlxzwgvsf7t4z3c1x","logName":"projects/csci-8990-096-ra-abeer/logs/stdout","receiveTimestamp":"2019-07-15T18:00:56.003223343Z","resource":{"labels":{"cluster_name":"standard-cluster-1","container_name":"googlepreprocessing","location":"us-central1-a","namespace_name":"default","pod_name":"googlepreprocessing-77d4f664bd-wkl99","project_id":"csci-8990-096-ra-abeer"},"type":"k8s_container"},"severity":"INFO","textPayload":"Time from pull message to finish/acknowledge: 0.008520126342773438\n","timestamp":"2019-07-15T18:00:31.755131113Z"}
{"insertId":"hlxzwgvsf7t4z3c2b","logName":"projects/csci-8990-096-ra-abeer/logs/stdout","receiveTimestamp":"2019-07-15T18:00:56.003223343Z","resource":{"labels":{"cluster_name":"standard-cluster-1","container_name":"googlepreprocessing","location":"us-central1-a","namespace_name":"default","pod_name":"googlepreprocessing-77d4f664bd-wkl99","project_id":"csci-8990-096-ra-abeer"},"type":"k8s_container"},"severity":"INFO","textPayload":"Time from pull message to finish/acknowledge: 0.011461496353149414\n","timestamp":"2019-07-15T18:00:31.756274821Z"}
{"insertId":"hlxzwgvsf7t4z3c2h","logName":"projects/csci-8990-096-ra-abeer/logs/stdout","receiveTimestamp":"2019-07-15T18:00:56.003223343Z","resource":{"labels":{"cluster_name":"standard-cluster-1","container_name":"googlepreprocessing","location":"us-central1-a","namespace_name":"default","pod_name":"googlepreprocessing-77d4f664bd-wkl99","project_id":"csci-8990-096-ra-abeer"},"type":"k8s_container"},"severity":"INFO","textPayload":"Time from pull message to finish/acknowledge: 0.0055921077728271484\n","timestamp":"2019-07-15T18:00:31.759007589Z"}
{"insertId":"hlxzwgvsf7t4z3c2o","logName":"projects/csci-8990-096-ra-abeer/logs/stdout","receiveTimestamp":"2019-07-15T18:00:56.003223343Z","resource":{"labels":{"cluster_name":"standard-cluster-1","container_name":"googlepreprocessing","location":"us-central1-a","namespace_name":"default","pod_name":"googlepreprocessing-77d4f664bd-wkl99","project_id":"csci-8990-096-ra-abeer"},"type":"k8s_container"},"severity":"INFO","textPayload":"Time from pull message to finish/acknowledge: 0.00964665412902832\n","timestamp":"2019-07-15T18:00:31.760134773Z"}
{"insertId":"hlxzwgvsf7t4z3c3a","logName":"projects/csci-8990-096-ra-abeer/logs/stdout","receiveTimestamp":"2019-07-15T18:00:56.003223343Z","resource":{"labels":{"cluster_name":"standard-cluster-1","container_name":"googlepreprocessing","location":"us-central1-a","namespace_name":"default","pod_name":"googlepreprocessing-77d4f664bd-wkl99","project_id":"csci-8990-096-ra-abeer"},"type":"k8s_container"},"severity":"INFO","textPayload":"Time from pull message to finish/acknowledge: 0.019948959350585938\n","timestamp":"2019-07-15T18:00:31.765495966Z"}
{"insertId":"hlxzwgvsf7t4z3c3f","logName":"projects/csci-8990-096-ra-abeer/logs/stdout","receiveTimestamp":"2019-07-15T18:00:56.003223343Z","resource":{"labels":{"cluster_name":"standard-cluster-1","container_name":"googlepreprocessing","location":"us-central1-a","namespace_name":"default","pod_name":"googlepreprocessing-77d4f664bd-wkl99","project_id":"csci-8990-096-ra-abeer"},"type":"k8s_container"},"severity":"INFO","textPayload":"Time from pull message to finish/acknowledge: 0.031790971755981445\n","timestamp":"2019-07-15T18:00:31.767436868Z"}
{"insertId":"hlxzwgvsf7t4z3c3i","logName":"projects/csci-8990-096-ra-abeer/logs/stdout","receiveTimestamp":"2019-07-15T18:00:56.003223343Z","resource":{"labels":{"cluster_name":"standard-cluster-1","container_name":"googlepreprocessing","location":"us-central1-a","namespace_name":"default","pod_name":"googlepreprocessing-77d4f664bd-wkl99","project_id":"csci-8990-096-ra-abeer"},"type":"k8s_container"},"severity":"INFO","textPayload":"Time from pull message to finish/acknowledge: 0.011837005615234375\n","timestamp":"2019-07-15T18:00:31.768334897Z"}
{"insertId":"hlxzwgvsf7t4z3c3j","logName":"projects/csci-8990-096-ra-abeer/logs/stdout","receiveTimestamp":"2019-07-15T18:00:56.003223343Z","resource":{"labels":{"cluster_name":"standard-cluster-1","container_name":"googlepreprocessing","location":"us-central1-a","namespace_name":"default","pod_name":"googlepreprocessing-77d4f664bd-wkl99","project_id":"csci-8990-096-ra-abeer"},"type":"k8s_container"},"severity":"INFO","textPayload":"Time from pull message to finish/acknowledge: 0.008240222930908203\n","timestamp":"2019-07-15T18:00:31.768578498Z"}
{"insertId":"hlxzwgvsf7t4z3c3n","logName":"projects/csci-8990-096-ra-abeer/logs/stdout","receiveTimestamp":"2019-07-15T18:00:56.003223343Z","resource":{"labels":{"cluster_name":"standard-cluster-1","container_name":"googlepreprocessing","location":"us-central1-a","namespace_name":"default","pod_name":"googlepreprocessing-77d4f664bd-wkl99","project_id":"csci-8990-096-ra-abeer"},"type":"k8s_container"},"severity":"INFO","textPayload":"Time from pull message to finish/acknowledge: 0.017202377319335938\n","timestamp":"2019-07-15T18:00:31.76960096Z"}
{"insertId":"hlxzwgvsf7t4z3c3x","logName":"projects/csci-8990-096-ra-abeer/logs/stdout","receiveTimestamp":"2019-07-15T18:00:56.003223343Z","resource":{"labels":{"cluster_name":"standard-cluster-1","container_name":"googlepreprocessing","location":"us-central1-a","namespace_name":"default","pod_name":"googlepreprocessing-77d4f664bd-wkl99","project_id":"csci-8990-096-ra-abeer"},"type":"k8s_container"},"severity":"INFO","textPayload":"Time from pull message to finish/acknowledge: 0.002198457717895508\n","timestamp":"2019-07-15T18:00:31.771933374Z"}
{"insertId":"hlxzwgvsf7t4z3c4k","logName":"projects/csci-8990-096-ra-abeer/logs/stdout","receiveTimestamp":"2019-07-15T18:00:56.003223343Z","resource":{"labels":{"cluster_name":"standard-cluster-1","container_name":"googlepreprocessing","location":"us-central1-a","namespace_name":"default","pod_name":"googlepreprocessing-77d4f664bd-wkl99","project_id":"csci-8990-096-ra-abeer"},"type":"k8s_container"},"severity":"INFO","textPayload":"Time from pull message to finish/acknowledge: 0.017639636993408203\n","timestamp":"2019-07-15T18:00:31.776905674Z"}
{"insertId":"hlxzwgvsf7t4z3c4l","logName":"projects/csci-8990-096-ra-abeer/logs/stdout","receiveTimestamp":"2019-07-15T18:00:56.003223343Z","resource":{"labels":{"cluster_name":"standard-cluster-1","container_name":"googlepreprocessing","location":"us-central1-a","namespace_name":"default","pod_name":"googlepreprocessing-77d4f664bd-wkl99","project_id":"csci-8990-096-ra-abeer"},"type":"k8s_container"},"severity":"INFO","textPayload":"Time from pull message to finish/acknowledge: 0.02436542510986328\n","timestamp":"2019-07-15T18:00:31.777051577Z"}
{"insertId":"hlxzwgvsf7t4z3c4m","logName":"projects/csci-8990-096-ra-abeer/logs/stdout","receiveTimestamp":"2019-07-15T18:00:56.003223343Z","resource":{"labels":{"cluster_name":"standard-cluster-1","container_name":"googlepreprocessing","location":"us-central1-a","namespace_name":"default","pod_name":"googlepreprocessing-77d4f664bd-wkl99","project_id":"csci-8990-096-ra-abeer"},"type":"k8s_container"},"severity":"INFO","textPayload":"Time from pull message to finish/acknowledge: 0.005087852478027344\n","timestamp":"2019-07-15T18:00:31.777150128Z"}
{"insertId":"hlxzwgvsf7t4z3c4r","logName":"projects/csci-8990-096-ra-abeer/logs/stdout","receiveTimestamp":"2019-07-15T18:00:56.003223343Z","resource":{"labels":{"cluster_name":"standard-cluster-1","container_name":"googlepreprocessing","location":"us-central1-a","namespace_name":"default","pod_name":"googlepreprocessing-77d4f664bd-wkl99","project_id":"csci-8990-096-ra-abeer"},"type":"k8s_container"},"severity":"INFO","textPayload":"Time from pull message to finish/acknowledge: 0.022458314895629883\n","timestamp":"2019-07-15T18:00:31.777781393Z"}
{"insertId":"hlxzwgvsf7t4z3c5a","logName":"projects/csci-8990-096-ra-abeer/logs/stdout","receiveTimestamp":"2019-07-15T18:00:56.003223343Z","resource":{"labels":{"cluster_name":"standard-cluster-1","container_name":"googlepreprocessing","location":"us-central1-a","namespace_name":"default","pod_name":"googlepreprocessing-77d4f664bd-wkl99","project_id":"csci-8990-096-ra-abeer"},"type":"k8s_container"},"severity":"INFO","textPayload":"Time from pull message to finish/acknowledge: 0.03127121925354004\n","timestamp":"2019-07-15T18:00:31.779539505Z"}
{"insertId":"hlxzwgvsf7t4z3c5c","logName":"projects/csci-8990-096-ra-abeer/logs/stdout","receiveTimestamp":"2019-07-15T18:00:56.003223343Z","resource":{"labels":{"cluster_name":"standard-cluster-1","container_name":"googlepreprocessing","location":"us-central1-a","namespace_name":"default","pod_name":"googlepreprocessing-77d4f664bd-wkl99","project_id":"csci-8990-096-ra-abeer"},"type":"k8s_container"},"severity":"INFO","textPayload":"Time from pull message to finish/acknowledge: 0.015503883361816406\n","timestamp":"2019-07-15T18:00:31.779889854Z"}
{"insertId":"hlxzwgvsf7t4z3c5x","logName":"projects/csci-8990-096-ra-abeer/logs/stdout","receiveTimestamp":"2019-07-15T18:00:56.003223343Z","resource":{"labels":{"cluster_name":"standard-cluster-1","container_name":"googlepreprocessing","location":"us-central1-a","namespace_name":"default","pod_name":"googlepreprocessing-77d4f664bd-wkl99","project_id":"csci-8990-096-ra-abeer"},"type":"k8s_container"},"severity":"INFO","textPayload":"Time from pull message to finish/acknowledge: 0.011371612548828125\n","timestamp":"2019-07-15T18:00:31.790438233Z"}
{"insertId":"hlxzwgvsf7t4z3c6b","logName":"projects/csci-8990-096-ra-abeer/logs/stdout","receiveTimestamp":"2019-07-15T18:00:56.003223343Z","resource":{"labels":{"cluster_name":"standard-cluster-1","container_name":"googlepreprocessing","location":"us-central1-a","namespace_name":"default","pod_name":"googlepreprocessing-77d4f664bd-wkl99","project_id":"csci-8990-096-ra-abeer"},"type":"k8s_container"},"severity":"INFO","textPayload":"Time from pull message to finish/acknowledge: 0.014347076416015625\n","timestamp":"2019-07-15T18:00:31.791620241Z"}
{"insertId":"hlxzwgvsf7t4z3c6d","logName":"projects/csci-8990-096-ra-abeer/logs/stdout","receiveTimestamp":"2019-07-15T18:00:56.003223343Z","resource":{"labels":{"cluster_name":"standard-cluster-1","container_name":"googlepreprocessing","location":"us-central1-a","namespace_name":"default","pod_name":"googlepreprocessing-77d4f664bd-wkl99","project_id":"csci-8990-096-ra-abeer"},"type":"k8s_container"},"severity":"INFO","textPayload":"Time from pull message to finish/acknowledge: 0.01277303695678711\n","timestamp":"2019-07-15T18:00:31.792005382Z"}
{"insertId":"bj85ej5ojoei6hfb3","labels":{"k8s-pod/pod-template-hash":"77d4f664bd","k8s-pod/run":"googlepreprocessing"},"logName":"projects/csci-8990-096-ra-abeer/logs/stdout","receiveTimestamp":"2019-07-15T18:03:01.09043112Z","resource":{"labels":{"cluster_name":"standard-cluster-1","container_name":"googlepreprocessing","location":"us-central1-a","namespace_name":"default","pod_name":"googlepreprocessing-77d4f664bd-5c2wm","project_id":"csci-8990-096-ra-abeer"},"type":"k8s_container"},"severity":"INFO","textPayload":"Time from pull message to finish/acknowledge: 0.027799367904663086\n","timestamp":"2019-07-15T18:02:13.687964875Z"}
{"insertId":"bj85ej5ojoei6hfc3","labels":{"k8s-pod/pod-template-hash":"77d4f664bd","k8s-pod/run":"googlepreprocessing"},"logName":"projects/csci-8990-096-ra-abeer/logs/stdout","receiveTimestamp":"2019-07-15T18:03:01.09043112Z","resource":{"labels":{"cluster_name":"standard-cluster-1","container_name":"googlepreprocessing","location":"us-central1-a","namespace_name":"default","pod_name":"googlepreprocessing-77d4f664bd-5c2wm","project_id":"csci-8990-096-ra-abeer"},"type":"k8s_container"},"severity":"INFO","textPayload":"Time from pull message to finish/acknowledge: 0.002717256546020508\n","timestamp":"2019-07-15T18:02:13.690873483Z"}
{"insertId":"bj85ej5ojoei6hfc9","labels":{"k8s-pod/pod-template-hash":"77d4f664bd","k8s-pod/run":"googlepreprocessing"},"logName":"projects/csci-8990-096-ra-abeer/logs/stdout","receiveTimestamp":"2019-07-15T18:03:01.09043112Z","resource":{"labels":{"cluster_name":"standard-cluster-1","container_name":"googlepreprocessing","location":"us-central1-a","namespace_name":"default","pod_name":"googlepreprocessing-77d4f664bd-5c2wm","project_id":"csci-8990-096-ra-abeer"},"type":"k8s_container"},"severity":"INFO","textPayload":"Time from pull message to finish/acknowledge: 0.003039121627807617\n","timestamp":"2019-07-15T18:02:13.692503042Z"}
{"insertId":"bj85ej5ojoei6hfd5","labels":{"k8s-pod/pod-template-hash":"77d4f664bd","k8s-pod/run":"googlepreprocessing"},"logName":"projects/csci-8990-096-ra-abeer/logs/stdout","receiveTimestamp":"2019-07-15T18:03:01.09043112Z","resource":{"labels":{"cluster_name":"standard-cluster-1","container_name":"googlepreprocessing","location":"us-central1-a","namespace_name":"default","pod_name":"googlepreprocessing-77d4f664bd-5c2wm","project_id":"csci-8990-096-ra-abeer"},"type":"k8s_container"},"severity":"INFO","textPayload":"Time from pull message to finish/acknowledge: 0.003359079360961914\n","timestamp":"2019-07-15T18:02:13.694413864Z"}
{"insertId":"bj85ej5ojoei6hfe1","labels":{"k8s-pod/pod-template-hash":"77d4f664bd","k8s-pod/run":"googlepreprocessing"},"logName":"projects/csci-8990-096-ra-abeer/logs/stdout","receiveTimestamp":"2019-07-15T18:03:01.09043112Z","resource":{"labels":{"cluster_name":"standard-cluster-1","container_name":"googlepreprocessing","location":"us-central1-a","namespace_name":"default","pod_name":"googlepreprocessing-77d4f664bd-5c2wm","project_id":"csci-8990-096-ra-abeer"},"type":"k8s_container"},"severity":"INFO","textPayload":"Time from pull message to finish/acknowledge: 0.018584012985229492\n","timestamp":"2019-07-15T18:02:13.69600871Z"}
{"insertId":"bj85ej5ojoei6hfe2","labels":{"k8s-pod/pod-template-hash":"77d4f664bd","k8s-pod/run":"googlepreprocessing"},"logName":"projects/csci-8990-096-ra-abeer/logs/stdout","receiveTimestamp":"2019-07-15T18:03:01.09043112Z","resource":{"labels":{"cluster_name":"standard-cluster-1","container_name":"googlepreprocessing","location":"us-central1-a","namespace_name":"default","pod_name":"googlepreprocessing-77d4f664bd-5c2wm","project_id":"csci-8990-096-ra-abeer"},"type":"k8s_container"},"severity":"INFO","textPayload":"Time from pull message to finish/acknowledge: 0.015132904052734375\n","timestamp":"2019-07-15T18:02:13.696166792Z"}
{"insertId":"bj85ej5ojoei6hfe6","labels":{"k8s-pod/pod-template-hash":"77d4f664bd","k8s-pod/run":"googlepreprocessing"},"logName":"projects/csci-8990-096-ra-abeer/logs/stdout","receiveTimestamp":"2019-07-15T18:03:01.09043112Z","resource":{"labels":{"cluster_name":"standard-cluster-1","container_name":"googlepreprocessing","location":"us-central1-a","namespace_name":"default","pod_name":"googlepreprocessing-77d4f664bd-5c2wm","project_id":"csci-8990-096-ra-abeer"},"type":"k8s_container"},"severity":"INFO","textPayload":"Time from pull message to finish/acknowledge: 0.004826068878173828\n","timestamp":"2019-07-15T18:02:13.697538337Z"}
{"insertId":"bj85ej5ojoei6hff2","labels":{"k8s-pod/pod-template-hash":"77d4f664bd","k8s-pod/run":"googlepreprocessing"},"logName":"projects/csci-8990-096-ra-abeer/logs/stdout","receiveTimestamp":"2019-07-15T18:03:01.09043112Z","resource":{"labels":{"cluster_name":"standard-cluster-1","container_name":"googlepreprocessing","location":"us-central1-a","namespace_name":"default","pod_name":"googlepreprocessing-77d4f664bd-5c2wm","project_id":"csci-8990-096-ra-abeer"},"type":"k8s_container"},"severity":"INFO","textPayload":"Time from pull message to finish/acknowledge: 0.013773679733276367\n","timestamp":"2019-07-15T18:02:13.699480824Z"}
{"insertId":"bj85ej5ojoei6hff3","labels":{"k8s-pod/pod-template-hash":"77d4f664bd","k8s-pod/run":"googlepreprocessing"},"logName":"projects/csci-8990-096-ra-abeer/logs/stdout","receiveTimestamp":"2019-07-15T18:03:01.09043112Z","resource":{"labels":{"cluster_name":"standard-cluster-1","container_name":"googlepreprocessing","location":"us-central1-a","namespace_name":"default","pod_name":"googlepreprocessing-77d4f664bd-5c2wm","project_id":"csci-8990-096-ra-abeer"},"type":"k8s_container"},"severity":"INFO","textPayload":"Time from pull message to finish/acknowledge: 0.022385835647583008\n","timestamp":"2019-07-15T18:02:13.699621701Z"}
{"insertId":"bj85ej5ojoei6hff5","labels":{"k8s-pod/pod-template-hash":"77d4f664bd","k8s-pod/run":"googlepreprocessing"},"logName":"projects/csci-8990-096-ra-abeer/logs/stdout","receiveTimestamp":"2019-07-15T18:03:01.09043112Z","resource":{"labels":{"cluster_name":"standard-cluster-1","container_name":"googlepreprocessing","location":"us-central1-a","namespace_name":"default","pod_name":"googlepreprocessing-77d4f664bd-5c2wm","project_id":"csci-8990-096-ra-abeer"},"type":"k8s_container"},"severity":"INFO","textPayload":"Time from pull message to finish/acknowledge: 0.0052907466888427734\n","timestamp":"2019-07-15T18:02:13.6999063Z"}
{"insertId":"bj85ej5ojoei6hfg5","labels":{"k8s-pod/pod-template-hash":"77d4f664bd","k8s-pod/run":"googlepreprocessing"},"logName":"projects/csci-8990-096-ra-abeer/logs/stdout","receiveTimestamp":"2019-07-15T18:03:01.09043112Z","resource":{"labels":{"cluster_name":"standard-cluster-1","container_name":"googlepreprocessing","location":"us-central1-a","namespace_name":"default","pod_name":"googlepreprocessing-77d4f664bd-5c2wm","project_id":"csci-8990-096-ra-abeer"},"type":"k8s_container"},"severity":"INFO","textPayload":"Time from pull message to finish/acknowledge: 0.005244731903076172\n","timestamp":"2019-07-15T18:02:13.702985039Z"}
{"insertId":"bj85ej5ojoei6hfh2","labels":{"k8s-pod/pod-template-hash":"77d4f664bd","k8s-pod/run":"googlepreprocessing"},"logName":"projects/csci-8990-096-ra-abeer/logs/stdout","receiveTimestamp":"2019-07-15T18:03:01.09043112Z","resource":{"labels":{"cluster_name":"standard-cluster-1","container_name":"googlepreprocessing","location":"us-central1-a","namespace_name":"default","pod_name":"googlepreprocessing-77d4f664bd-5c2wm","project_id":"csci-8990-096-ra-abeer"},"type":"k8s_container"},"severity":"INFO","textPayload":"Time from pull message to finish/acknowledge: 0.023604869842529297\n","timestamp":"2019-07-15T18:02:13.707059864Z"}
{"insertId":"bj85ej5ojoei6hfh4","labels":{"k8s-pod/pod-template-hash":"77d4f664bd","k8s-pod/run":"googlepreprocessing"},"logName":"projects/csci-8990-096-ra-abeer/logs/stdout","receiveTimestamp":"2019-07-15T18:03:01.09043112Z","resource":{"labels":{"cluster_name":"standard-cluster-1","container_name":"googlepreprocessing","location":"us-central1-a","namespace_name":"default","pod_name":"googlepreprocessing-77d4f664bd-5c2wm","project_id":"csci-8990-096-ra-abeer"},"type":"k8s_container"},"severity":"INFO","textPayload":"Time from pull message to finish/acknowledge: 0.02309560775756836\n","timestamp":"2019-07-15T18:02:13.707432349Z"}
{"insertId":"bj85ej5ojoei6hfh6","labels":{"k8s-pod/pod-template-hash":"77d4f664bd","k8s-pod/run":"googlepreprocessing"},"logName":"projects/csci-8990-096-ra-abeer/logs/stdout","receiveTimestamp":"2019-07-15T18:03:01.09043112Z","resource":{"labels":{"cluster_name":"standard-cluster-1","container_name":"googlepreprocessing","location":"us-central1-a","namespace_name":"default","pod_name":"googlepreprocessing-77d4f664bd-5c2wm","project_id":"csci-8990-096-ra-abeer"},"type":"k8s_container"},"severity":"INFO","textPayload":"Time from pull message to finish/acknowledge: 0.02445054054260254\n","timestamp":"2019-07-15T18:02:13.707745065Z"}
{"insertId":"bj85ej5ojoei6hfk3","labels":{"k8s-pod/pod-template-hash":"77d4f664bd","k8s-pod/run":"googlepreprocessing"},"logName":"projects/csci-8990-096-ra-abeer/logs/stdout","receiveTimestamp":"2019-07-15T18:03:01.09043112Z","resource":{"labels":{"cluster_name":"standard-cluster-1","container_name":"googlepreprocessing","location":"us-central1-a","namespace_name":"default","pod_name":"googlepreprocessing-77d4f664bd-5c2wm","project_id":"csci-8990-096-ra-abeer"},"type":"k8s_container"},"severity":"INFO","textPayload":"Time from pull message to finish/acknowledge: 0.031069517135620117\n","timestamp":"2019-07-15T18:02:13.714985806Z"}
{"insertId":"bj85ej5ojoei6hfk7","labels":{"k8s-pod/pod-template-hash":"77d4f664bd","k8s-pod/run":"googlepreprocessing"},"logName":"projects/csci-8990-096-ra-abeer/logs/stdout","receiveTimestamp":"2019-07-15T18:03:01.09043112Z","resource":{"labels":{"cluster_name":"standard-cluster-1","container_name":"googlepreprocessing","location":"us-central1-a","namespace_name":"default","pod_name":"googlepreprocessing-77d4f664bd-5c2wm","project_id":"csci-8990-096-ra-abeer"},"type":"k8s_container"},"severity":"INFO","textPayload":"Time from pull message to finish/acknowledge: 0.015936613082885742\n","timestamp":"2019-07-15T18:02:13.717876411Z"}
{"insertId":"bj85ej5ojoei6hfl4","labels":{"k8s-pod/pod-template-hash":"77d4f664bd","k8s-pod/run":"googlepreprocessing"},"logName":"projects/csci-8990-096-ra-abeer/logs/stdout","receiveTimestamp":"2019-07-15T18:03:01.09043112Z","resource":{"labels":{"cluster_name":"standard-cluster-1","container_name":"googlepreprocessing","location":"us-central1-a","namespace_name":"default","pod_name":"googlepreprocessing-77d4f664bd-5c2wm","project_id":"csci-8990-096-ra-abeer"},"type":"k8s_container"},"severity":"INFO","textPayload":"Time from pull message to finish/acknowledge: 0.012608766555786133\n","timestamp":"2019-07-15T18:02:13.720404059Z"}
{"insertId":"bj85ej5ojoei6hfl7","labels":{"k8s-pod/pod-template-hash":"77d4f664bd","k8s-pod/run":"googlepreprocessing"},"logName":"projects/csci-8990-096-ra-abeer/logs/stdout","receiveTimestamp":"2019-07-15T18:03:01.09043112Z","resource":{"labels":{"cluster_name":"standard-cluster-1","container_name":"googlepreprocessing","location":"us-central1-a","namespace_name":"default","pod_name":"googlepreprocessing-77d4f664bd-5c2wm","project_id":"csci-8990-096-ra-abeer"},"type":"k8s_container"},"severity":"INFO","textPayload":"Time from pull message to finish/acknowledge: 0.008846044540405273\n","timestamp":"2019-07-15T18:02:13.720991465Z"}
{"insertId":"bj85ej5ojoei6hfl8","labels":{"k8s-pod/pod-template-hash":"77d4f664bd","k8s-pod/run":"googlepreprocessing"},"logName":"projects/csci-8990-096-ra-abeer/logs/stdout","receiveTimestamp":"2019-07-15T18:03:01.09043112Z","resource":{"labels":{"cluster_name":"standard-cluster-1","container_name":"googlepreprocessing","location":"us-central1-a","namespace_name":"default","pod_name":"googlepreprocessing-77d4f664bd-5c2wm","project_id":"csci-8990-096-ra-abeer"},"type":"k8s_container"},"severity":"INFO","textPayload":"Time from pull message to finish/acknowledge: 0.020123720169067383\n","timestamp":"2019-07-15T18:02:13.721151589Z"}
{"insertId":"bj85ej5ojoei6hfm2","labels":{"k8s-pod/pod-template-hash":"77d4f664bd","k8s-pod/run":"googlepreprocessing"},"logName":"projects/csci-8990-096-ra-abeer/logs/stdout","receiveTimestamp":"2019-07-15T18:03:01.09043112Z","resource":{"labels":{"cluster_name":"standard-cluster-1","container_name":"googlepreprocessing","location":"us-central1-a","namespace_name":"default","pod_name":"googlepreprocessing-77d4f664bd-5c2wm","project_id":"csci-8990-096-ra-abeer"},"type":"k8s_container"},"severity":"INFO","textPayload":"Time from pull message to finish/acknowledge: 0.01199650764465332\n","timestamp":"2019-07-15T18:02:13.721737018Z"}
{"insertId":"bj85ej5ojoei6hfm4","labels":{"k8s-pod/pod-template-hash":"77d4f664bd","k8s-pod/run":"googlepreprocessing"},"logName":"projects/csci-8990-096-ra-abeer/logs/stdout","receiveTimestamp":"2019-07-15T18:03:01.09043112Z","resource":{"labels":{"cluster_name":"standard-cluster-1","container_name":"googlepreprocessing","location":"us-central1-a","namespace_name":"default","pod_name":"googlepreprocessing-77d4f664bd-5c2wm","project_id":"csci-8990-096-ra-abeer"},"type":"k8s_container"},"severity":"INFO","textPayload":"Time from pull message to finish/acknowledge: 0.013614892959594727\n","timestamp":"2019-07-15T18:02:13.722123022Z"}
{"insertId":"bj85ej5ojoei6hfn6","labels":{"k8s-pod/pod-template-hash":"77d4f664bd","k8s-pod/run":"googlepreprocessing"},"logName":"projects/csci-8990-096-ra-abeer/logs/stdout","receiveTimestamp":"2019-07-15T18:03:01.09043112Z","resource":{"labels":{"cluster_name":"standard-cluster-1","container_name":"googlepreprocessing","location":"us-central1-a","namespace_name":"default","pod_name":"googlepreprocessing-77d4f664bd-5c2wm","project_id":"csci-8990-096-ra-abeer"},"type":"k8s_container"},"severity":"INFO","textPayload":"Time from pull message to finish/acknowledge: 0.013972759246826172\n","timestamp":"2019-07-15T18:02:13.725514128Z"}
{"insertId":"bj85ej5ojoei6hfo1","labels":{"k8s-pod/pod-template-hash":"77d4f664bd","k8s-pod/run":"googlepreprocessing"},"logName":"projects/csci-8990-096-ra-abeer/logs/stdout","receiveTimestamp":"2019-07-15T18:03:01.09043112Z","resource":{"labels":{"cluster_name":"standard-cluster-1","container_name":"googlepreprocessing","location":"us-central1-a","namespace_name":"default","pod_name":"googlepreprocessing-77d4f664bd-5c2wm","project_id":"csci-8990-096-ra-abeer"},"type":"k8s_container"},"severity":"INFO","textPayload":"Time from pull message to finish/acknowledge: 0.015007257461547852\n","timestamp":"2019-07-15T18:02:13.726291659Z"}
{"insertId":"bj85ej5ojoei6hfo8","labels":{"k8s-pod/pod-template-hash":"77d4f664bd","k8s-pod/run":"googlepreprocessing"},"logName":"projects/csci-8990-096-ra-abeer/logs/stdout","receiveTimestamp":"2019-07-15T18:03:01.09043112Z","resource":{"labels":{"cluster_name":"standard-cluster-1","container_name":"googlepreprocessing","location":"us-central1-a","namespace_name":"default","pod_name":"googlepreprocessing-77d4f664bd-5c2wm","project_id":"csci-8990-096-ra-abeer"},"type":"k8s_container"},"severity":"INFO","textPayload":"Time from pull message to finish/acknowledge: 0.01109933853149414\n","timestamp":"2019-07-15T18:02:13.729220243Z"}
{"insertId":"bj85ej5ojoei6hfp7","labels":{"k8s-pod/pod-template-hash":"77d4f664bd","k8s-pod/run":"googlepreprocessing"},"logName":"projects/csci-8990-096-ra-abeer/logs/stdout","receiveTimestamp":"2019-07-15T18:03:01.09043112Z","resource":{"labels":{"cluster_name":"standard-cluster-1","container_name":"googlepreprocessing","location":"us-central1-a","namespace_name":"default","pod_name":"googlepreprocessing-77d4f664bd-5c2wm","project_id":"csci-8990-096-ra-abeer"},"type":"k8s_container"},"severity":"INFO","textPayload":"Time from pull message to finish/acknowledge: 0.0016374588012695312\n","timestamp":"2019-07-15T18:02:13.732169719Z"}
{"insertId":"bj85ej5ojoei6hfq3","labels":{"k8s-pod/pod-template-hash":"77d4f664bd","k8s-pod/run":"googlepreprocessing"},"logName":"projects/csci-8990-096-ra-abeer/logs/stdout","receiveTimestamp":"2019-07-15T18:03:01.09043112Z","resource":{"labels":{"cluster_name":"standard-cluster-1","container_name":"googlepreprocessing","location":"us-central1-a","namespace_name":"default","pod_name":"googlepreprocessing-77d4f664bd-5c2wm","project_id":"csci-8990-096-ra-abeer"},"type":"k8s_container"},"severity":"INFO","textPayload":"Time from pull message to finish/acknowledge: 0.01108694076538086\n","timestamp":"2019-07-15T18:02:13.733922961Z"}
{"insertId":"bj85ej5ojoei6hfr0","labels":{"k8s-pod/pod-template-hash":"77d4f664bd","k8s-pod/run":"googlepreprocessing"},"logName":"projects/csci-8990-096-ra-abeer/logs/stdout","receiveTimestamp":"2019-07-15T18:03:01.09043112Z","resource":{"labels":{"cluster_name":"standard-cluster-1","container_name":"googlepreprocessing","location":"us-central1-a","namespace_name":"default","pod_name":"googlepreprocessing-77d4f664bd-5c2wm","project_id":"csci-8990-096-ra-abeer"},"type":"k8s_container"},"severity":"INFO","textPayload":"Time from pull message to finish/acknowledge: 0.016898393630981445\n","timestamp":"2019-07-15T18:02:13.737540528Z"}
{"insertId":"bj85ej5ojoei6hfr8","labels":{"k8s-pod/pod-template-hash":"77d4f664bd","k8s-pod/run":"googlepreprocessing"},"logName":"projects/csci-8990-096-ra-abeer/logs/stdout","receiveTimestamp":"2019-07-15T18:03:01.09043112Z","resource":{"labels":{"cluster_name":"standard-cluster-1","container_name":"googlepreprocessing","location":"us-central1-a","namespace_name":"default","pod_name":"googlepreprocessing-77d4f664bd-5c2wm","project_id":"csci-8990-096-ra-abeer"},"type":"k8s_container"},"severity":"INFO","textPayload":"Time from pull message to finish/acknowledge: 0.02982926368713379\n","timestamp":"2019-07-15T18:02:13.739745245Z"}
{"insertId":"bj85ej5ojoei6hfs4","labels":{"k8s-pod/pod-template-hash":"77d4f664bd","k8s-pod/run":"googlepreprocessing"},"logName":"projects/csci-8990-096-ra-abeer/logs/stdout","receiveTimestamp":"2019-07-15T18:03:01.09043112Z","resource":{"labels":{"cluster_name":"standard-cluster-1","container_name":"googlepreprocessing","location":"us-central1-a","namespace_name":"default","pod_name":"googlepreprocessing-77d4f664bd-5c2wm","project_id":"csci-8990-096-ra-abeer"},"type":"k8s_container"},"severity":"INFO","textPayload":"Time from pull message to finish/acknowledge: 0.0014050006866455078\n","timestamp":"2019-07-15T18:02:13.741316848Z"}
{"insertId":"bj85ej5ojoei6hfs9","labels":{"k8s-pod/pod-template-hash":"77d4f664bd","k8s-pod/run":"googlepreprocessing"},"logName":"projects/csci-8990-096-ra-abeer/logs/stdout","receiveTimestamp":"2019-07-15T18:03:01.09043112Z","resource":{"labels":{"cluster_name":"standard-cluster-1","container_name":"googlepreprocessing","location":"us-central1-a","namespace_name":"default","pod_name":"googlepreprocessing-77d4f664bd-5c2wm","project_id":"csci-8990-096-ra-abeer"},"type":"k8s_container"},"severity":"INFO","textPayload":"Time from pull message to finish/acknowledge: 0.016267061233520508\n","timestamp":"2019-07-15T18:02:13.742686447Z"}
{"insertId":"bj85ej5ojoei6hft5","labels":{"k8s-pod/pod-template-hash":"77d4f664bd","k8s-pod/run":"googlepreprocessing"},"logName":"projects/csci-8990-096-ra-abeer/logs/stdout","receiveTimestamp":"2019-07-15T18:03:01.09043112Z","resource":{"labels":{"cluster_name":"standard-cluster-1","container_name":"googlepreprocessing","location":"us-central1-a","namespace_name":"default","pod_name":"googlepreprocessing-77d4f664bd-5c2wm","project_id":"csci-8990-096-ra-abeer"},"type":"k8s_container"},"severity":"INFO","textPayload":"Time from pull message to finish/acknowledge: 0.009405374526977539\n","timestamp":"2019-07-15T18:02:13.743510633Z"}
{"insertId":"bj85ej5ojoei6hfu1","labels":{"k8s-pod/pod-template-hash":"77d4f664bd","k8s-pod/run":"googlepreprocessing"},"logName":"projects/csci-8990-096-ra-abeer/logs/stdout","receiveTimestamp":"2019-07-15T18:03:01.09043112Z","resource":{"labels":{"cluster_name":"standard-cluster-1","container_name":"googlepreprocessing","location":"us-central1-a","namespace_name":"default","pod_name":"googlepreprocessing-77d4f664bd-5c2wm","project_id":"csci-8990-096-ra-abeer"},"type":"k8s_container"},"severity":"INFO","textPayload":"Time from pull message to finish/acknowledge: 0.023406028747558594\n","timestamp":"2019-07-15T18:02:13.745222727Z"}
{"insertId":"bj85ej5ojoei6hfu7","labels":{"k8s-pod/pod-template-hash":"77d4f664bd","k8s-pod/run":"googlepreprocessing"},"logName":"projects/csci-8990-096-ra-abeer/logs/stdout","receiveTimestamp":"2019-07-15T18:03:01.09043112Z","resource":{"labels":{"cluster_name":"standard-cluster-1","container_name":"googlepreprocessing","location":"us-central1-a","namespace_name":"default","pod_name":"googlepreprocessing-77d4f664bd-5c2wm","project_id":"csci-8990-096-ra-abeer"},"type":"k8s_container"},"severity":"INFO","textPayload":"Time from pull message to finish/acknowledge: 0.0013315677642822266\n","timestamp":"2019-07-15T18:02:13.746749219Z"}
{"insertId":"bj85ej5ojoei6hfv0","labels":{"k8s-pod/pod-template-hash":"77d4f664bd","k8s-pod/run":"googlepreprocessing"},"logName":"projects/csci-8990-096-ra-abeer/logs/stdout","receiveTimestamp":"2019-07-15T18:03:01.09043112Z","resource":{"labels":{"cluster_name":"standard-cluster-1","container_name":"googlepreprocessing","location":"us-central1-a","namespace_name":"default","pod_name":"googlepreprocessing-77d4f664bd-5c2wm","project_id":"csci-8990-096-ra-abeer"},"type":"k8s_container"},"severity":"INFO","textPayload":"Time from pull message to finish/acknowledge: 0.01026606559753418\n","timestamp":"2019-07-15T18:02:13.748008523Z"}
{"insertId":"bj85ej5ojoei6hfv5","labels":{"k8s-pod/pod-template-hash":"77d4f664bd","k8s-pod/run":"googlepreprocessing"},"logName":"projects/csci-8990-096-ra-abeer/logs/stdout","receiveTimestamp":"2019-07-15T18:03:01.09043112Z","resource":{"labels":{"cluster_name":"standard-cluster-1","container_name":"googlepreprocessing","location":"us-central1-a","namespace_name":"default","pod_name":"googlepreprocessing-77d4f664bd-5c2wm","project_id":"csci-8990-096-ra-abeer"},"type":"k8s_container"},"severity":"INFO","textPayload":"Time from pull message to finish/acknowledge: 0.02347850799560547\n","timestamp":"2019-07-15T18:02:13.7491052Z"}
{"insertId":"bj85ej5ojoei6hfw1","labels":{"k8s-pod/pod-template-hash":"77d4f664bd","k8s-pod/run":"googlepreprocessing"},"logName":"projects/csci-8990-096-ra-abeer/logs/stdout","receiveTimestamp":"2019-07-15T18:03:01.09043112Z","resource":{"labels":{"cluster_name":"standard-cluster-1","container_name":"googlepreprocessing","location":"us-central1-a","namespace_name":"default","pod_name":"googlepreprocessing-77d4f664bd-5c2wm","project_id":"csci-8990-096-ra-abeer"},"type":"k8s_container"},"severity":"INFO","textPayload":"Time from pull message to finish/acknowledge: 0.0013706684112548828\n","timestamp":"2019-07-15T18:02:13.750669219Z"}
{"insertId":"bj85ej5ojoei6hfw7","labels":{"k8s-pod/pod-template-hash":"77d4f664bd","k8s-pod/run":"googlepreprocessing"},"logName":"projects/csci-8990-096-ra-abeer/logs/stdout","receiveTimestamp":"2019-07-15T18:03:01.09043112Z","resource":{"labels":{"cluster_name":"standard-cluster-1","container_name":"googlepreprocessing","location":"us-central1-a","namespace_name":"default","pod_name":"googlepreprocessing-77d4f664bd-5c2wm","project_id":"csci-8990-096-ra-abeer"},"type":"k8s_container"},"severity":"INFO","textPayload":"Time from pull message to finish/acknowledge: 0.0014891624450683594\n","timestamp":"2019-07-15T18:02:13.75205Z"}
{"insertId":"bj85ej5ojoei6hfw8","labels":{"k8s-pod/pod-template-hash":"77d4f664bd","k8s-pod/run":"googlepreprocessing"},"logName":"projects/csci-8990-096-ra-abeer/logs/stdout","receiveTimestamp":"2019-07-15T18:03:01.09043112Z","resource":{"labels":{"cluster_name":"standard-cluster-1","container_name":"googlepreprocessing","location":"us-central1-a","namespace_name":"default","pod_name":"googlepreprocessing-77d4f664bd-5c2wm","project_id":"csci-8990-096-ra-abeer"},"type":"k8s_container"},"severity":"INFO","textPayload":"Time from pull message to finish/acknowledge: 0.001378774642944336\n","timestamp":"2019-07-15T18:02:13.752161708Z"}
{"insertId":"bj85ej5ojoei6hfy2","labels":{"k8s-pod/pod-template-hash":"77d4f664bd","k8s-pod/run":"googlepreprocessing"},"logName":"projects/csci-8990-096-ra-abeer/logs/stdout","receiveTimestamp":"2019-07-15T18:03:01.09043112Z","resource":{"labels":{"cluster_name":"standard-cluster-1","container_name":"googlepreprocessing","location":"us-central1-a","namespace_name":"default","pod_name":"googlepreprocessing-77d4f664bd-5c2wm","project_id":"csci-8990-096-ra-abeer"},"type":"k8s_container"},"severity":"INFO","textPayload":"Time from pull message to finish/acknowledge: 0.023062467575073242\n","timestamp":"2019-07-15T18:02:13.755444687Z"}
{"insertId":"bj85ej5ojoei6hfy9","labels":{"k8s-pod/pod-template-hash":"77d4f664bd","k8s-pod/run":"googlepreprocessing"},"logName":"projects/csci-8990-096-ra-abeer/logs/stdout","receiveTimestamp":"2019-07-15T18:03:01.09043112Z","resource":{"labels":{"cluster_name":"standard-cluster-1","container_name":"googlepreprocessing","location":"us-central1-a","namespace_name":"default","pod_name":"googlepreprocessing-77d4f664bd-5c2wm","project_id":"csci-8990-096-ra-abeer"},"type":"k8s_container"},"severity":"INFO","textPayload":"Time from pull message to finish/acknowledge: 0.028795719146728516\n","timestamp":"2019-07-15T18:02:13.758220797Z"}
{"insertId":"bj85ej5ojoei6hfz4","labels":{"k8s-pod/pod-template-hash":"77d4f664bd","k8s-pod/run":"googlepreprocessing"},"logName":"projects/csci-8990-096-ra-abeer/logs/stdout","receiveTimestamp":"2019-07-15T18:03:01.09043112Z","resource":{"labels":{"cluster_name":"standard-cluster-1","container_name":"googlepreprocessing","location":"us-central1-a","namespace_name":"default","pod_name":"googlepreprocessing-77d4f664bd-5c2wm","project_id":"csci-8990-096-ra-abeer"},"type":"k8s_container"},"severity":"INFO","textPayload":"Time from pull message to finish/acknowledge: 0.03912353515625\n","timestamp":"2019-07-15T18:02:13.760478543Z"}
{"insertId":"bj85ej5ojoei6hga0","labels":{"k8s-pod/pod-template-hash":"77d4f664bd","k8s-pod/run":"googlepreprocessing"},"logName":"projects/csci-8990-096-ra-abeer/logs/stdout","receiveTimestamp":"2019-07-15T18:03:01.09043112Z","resource":{"labels":{"cluster_name":"standard-cluster-1","container_name":"googlepreprocessing","location":"us-central1-a","namespace_name":"default","pod_name":"googlepreprocessing-77d4f664bd-5c2wm","project_id":"csci-8990-096-ra-abeer"},"type":"k8s_container"},"severity":"INFO","textPayload":"Time from pull message to finish/acknowledge: 0.009739398956298828\n","timestamp":"2019-07-15T18:02:13.76220873Z"}
{"insertId":"bj85ej5ojoei6hga5","labels":{"k8s-pod/pod-template-hash":"77d4f664bd","k8s-pod/run":"googlepreprocessing"},"logName":"projects/csci-8990-096-ra-abeer/logs/stdout","receiveTimestamp":"2019-07-15T18:03:01.09043112Z","resource":{"labels":{"cluster_name":"standard-cluster-1","container_name":"googlepreprocessing","location":"us-central1-a","namespace_name":"default","pod_name":"googlepreprocessing-77d4f664bd-5c2wm","project_id":"csci-8990-096-ra-abeer"},"type":"k8s_container"},"severity":"INFO","textPayload":"Time from pull message to finish/acknowledge: 0.02392125129699707\n","timestamp":"2019-07-15T18:02:13.76343185Z"}
{"insertId":"bj85ej5ojoei6hga9","labels":{"k8s-pod/pod-template-hash":"77d4f664bd","k8s-pod/run":"googlepreprocessing"},"logName":"projects/csci-8990-096-ra-abeer/logs/stdout","receiveTimestamp":"2019-07-15T18:03:01.09043112Z","resource":{"labels":{"cluster_name":"standard-cluster-1","container_name":"googlepreprocessing","location":"us-central1-a","namespace_name":"default","pod_name":"googlepreprocessing-77d4f664bd-5c2wm","project_id":"csci-8990-096-ra-abeer"},"type":"k8s_container"},"severity":"INFO","textPayload":"Time from pull message to finish/acknowledge: 0.023122310638427734\n","timestamp":"2019-07-15T18:02:13.765929447Z"}
{"insertId":"bj85ej5ojoei6hgc0","labels":{"k8s-pod/pod-template-hash":"77d4f664bd","k8s-pod/run":"googlepreprocessing"},"logName":"projects/csci-8990-096-ra-abeer/logs/stdout","receiveTimestamp":"2019-07-15T18:03:01.09043112Z","resource":{"labels":{"cluster_name":"standard-cluster-1","container_name":"googlepreprocessing","location":"us-central1-a","namespace_name":"default","pod_name":"googlepreprocessing-77d4f664bd-5c2wm","project_id":"csci-8990-096-ra-abeer"},"type":"k8s_container"},"severity":"INFO","textPayload":"Time from pull message to finish/acknowledge: 0.0013949871063232422\n","timestamp":"2019-07-15T18:02:13.769015354Z"}
{"insertId":"bj85ej5ojoei6hgc5","labels":{"k8s-pod/pod-template-hash":"77d4f664bd","k8s-pod/run":"googlepreprocessing"},"logName":"projects/csci-8990-096-ra-abeer/logs/stdout","receiveTimestamp":"2019-07-15T18:03:01.09043112Z","resource":{"labels":{"cluster_name":"standard-cluster-1","container_name":"googlepreprocessing","location":"us-central1-a","namespace_name":"default","pod_name":"googlepreprocessing-77d4f664bd-5c2wm","project_id":"csci-8990-096-ra-abeer"},"type":"k8s_container"},"severity":"INFO","textPayload":"Time from pull message to finish/acknowledge: 0.0218966007232666\n","timestamp":"2019-07-15T18:02:13.770076201Z"}
{"insertId":"bj85ej5ojoei6hgd1","labels":{"k8s-pod/pod-template-hash":"77d4f664bd","k8s-pod/run":"googlepreprocessing"},"logName":"projects/csci-8990-096-ra-abeer/logs/stdout","receiveTimestamp":"2019-07-15T18:03:01.09043112Z","resource":{"labels":{"cluster_name":"standard-cluster-1","container_name":"googlepreprocessing","location":"us-central1-a","namespace_name":"default","pod_name":"googlepreprocessing-77d4f664bd-5c2wm","project_id":"csci-8990-096-ra-abeer"},"type":"k8s_container"},"severity":"INFO","textPayload":"Time from pull message to finish/acknowledge: 0.010961294174194336\n","timestamp":"2019-07-15T18:02:13.771692623Z"}
{"insertId":"bj85ej5ojoei6hgd5","labels":{"k8s-pod/pod-template-hash":"77d4f664bd","k8s-pod/run":"googlepreprocessing"},"logName":"projects/csci-8990-096-ra-abeer/logs/stdout","receiveTimestamp":"2019-07-15T18:03:01.09043112Z","resource":{"labels":{"cluster_name":"standard-cluster-1","container_name":"googlepreprocessing","location":"us-central1-a","namespace_name":"default","pod_name":"googlepreprocessing-77d4f664bd-5c2wm","project_id":"csci-8990-096-ra-abeer"},"type":"k8s_container"},"severity":"INFO","textPayload":"Time from pull message to finish/acknowledge: 0.016533374786376953\n","timestamp":"2019-07-15T18:02:13.772209736Z"}
{"insertId":"bj85ej5ojoei6hge1","labels":{"k8s-pod/pod-template-hash":"77d4f664bd","k8s-pod/run":"googlepreprocessing"},"logName":"projects/csci-8990-096-ra-abeer/logs/stdout","receiveTimestamp":"2019-07-15T18:03:01.09043112Z","resource":{"labels":{"cluster_name":"standard-cluster-1","container_name":"googlepreprocessing","location":"us-central1-a","namespace_name":"default","pod_name":"googlepreprocessing-77d4f664bd-5c2wm","project_id":"csci-8990-096-ra-abeer"},"type":"k8s_container"},"severity":"INFO","textPayload":"Time from pull message to finish/acknowledge: 0.0014455318450927734\n","timestamp":"2019-07-15T18:02:13.773815058Z"}
{"insertId":"bj85ej5ojoei6hge7","labels":{"k8s-pod/pod-template-hash":"77d4f664bd","k8s-pod/run":"googlepreprocessing"},"logName":"projects/csci-8990-096-ra-abeer/logs/stdout","receiveTimestamp":"2019-07-15T18:03:01.09043112Z","resource":{"labels":{"cluster_name":"standard-cluster-1","container_name":"googlepreprocessing","location":"us-central1-a","namespace_name":"default","pod_name":"googlepreprocessing-77d4f664bd-5c2wm","project_id":"csci-8990-096-ra-abeer"},"type":"k8s_container"},"severity":"INFO","textPayload":"Time from pull message to finish/acknowledge: 0.02188253402709961\n","timestamp":"2019-07-15T18:02:13.775785298Z"}
{"insertId":"bj85ej5ojoei6hgf3","labels":{"k8s-pod/pod-template-hash":"77d4f664bd","k8s-pod/run":"googlepreprocessing"},"logName":"projects/csci-8990-096-ra-abeer/logs/stdout","receiveTimestamp":"2019-07-15T18:03:01.09043112Z","resource":{"labels":{"cluster_name":"standard-cluster-1","container_name":"googlepreprocessing","location":"us-central1-a","namespace_name":"default","pod_name":"googlepreprocessing-77d4f664bd-5c2wm","project_id":"csci-8990-096-ra-abeer"},"type":"k8s_container"},"severity":"INFO","textPayload":"Time from pull message to finish/acknowledge: 0.006587982177734375\n","timestamp":"2019-07-15T18:02:13.778431837Z"}
{"insertId":"bj85ej5ojoei6hgg2","labels":{"k8s-pod/pod-template-hash":"77d4f664bd","k8s-pod/run":"googlepreprocessing"},"logName":"projects/csci-8990-096-ra-abeer/logs/stdout","receiveTimestamp":"2019-07-15T18:03:01.09043112Z","resource":{"labels":{"cluster_name":"standard-cluster-1","container_name":"googlepreprocessing","location":"us-central1-a","namespace_name":"default","pod_name":"googlepreprocessing-77d4f664bd-5c2wm","project_id":"csci-8990-096-ra-abeer"},"type":"k8s_container"},"severity":"INFO","textPayload":"Time from pull message to finish/acknowledge: 0.003064393997192383\n","timestamp":"2019-07-15T18:02:13.78173251Z"}
{"insertId":"bj85ej5ojoei6hgg6","labels":{"k8s-pod/pod-template-hash":"77d4f664bd","k8s-pod/run":"googlepreprocessing"},"logName":"projects/csci-8990-096-ra-abeer/logs/stdout","receiveTimestamp":"2019-07-15T18:03:01.09043112Z","resource":{"labels":{"cluster_name":"standard-cluster-1","container_name":"googlepreprocessing","location":"us-central1-a","namespace_name":"default","pod_name":"googlepreprocessing-77d4f664bd-5c2wm","project_id":"csci-8990-096-ra-abeer"},"type":"k8s_container"},"severity":"INFO","textPayload":"Time from pull message to finish/acknowledge: 0.012552261352539062\n","timestamp":"2019-07-15T18:02:13.782815187Z"}
{"insertId":"bj85ej5ojoei6hgh2","labels":{"k8s-pod/pod-template-hash":"77d4f664bd","k8s-pod/run":"googlepreprocessing"},"logName":"projects/csci-8990-096-ra-abeer/logs/stdout","receiveTimestamp":"2019-07-15T18:03:01.09043112Z","resource":{"labels":{"cluster_name":"standard-cluster-1","container_name":"googlepreprocessing","location":"us-central1-a","namespace_name":"default","pod_name":"googlepreprocessing-77d4f664bd-5c2wm","project_id":"csci-8990-096-ra-abeer"},"type":"k8s_container"},"severity":"INFO","textPayload":"Time from pull message to finish/acknowledge: 0.0012969970703125\n","timestamp":"2019-07-15T18:02:13.784247641Z"}
{"insertId":"a0jmk8phx9ts1ph9a","labels":{"k8s-pod/pod-template-hash":"77d4f664bd","k8s-pod/run":"googlepreprocessing"},"logName":"projects/csci-8990-096-ra-abeer/logs/stdout","receiveTimestamp":"2019-07-15T18:05:53.07581072Z","resource":{"labels":{"cluster_name":"standard-cluster-1","container_name":"googlepreprocessing","location":"us-central1-a","namespace_name":"default","pod_name":"googlepreprocessing-77d4f664bd-lb5pk","project_id":"csci-8990-096-ra-abeer"},"type":"k8s_container"},"severity":"INFO","textPayload":"Time from pull message to finish/acknowledge: 0.00957345962524414\n","timestamp":"2019-07-15T18:05:23.865649226Z"}
{"insertId":"a0jmk8phx9ts1ph9h","labels":{"k8s-pod/pod-template-hash":"77d4f664bd","k8s-pod/run":"googlepreprocessing"},"logName":"projects/csci-8990-096-ra-abeer/logs/stdout","receiveTimestamp":"2019-07-15T18:05:53.07581072Z","resource":{"labels":{"cluster_name":"standard-cluster-1","container_name":"googlepreprocessing","location":"us-central1-a","namespace_name":"default","pod_name":"googlepreprocessing-77d4f664bd-lb5pk","project_id":"csci-8990-096-ra-abeer"},"type":"k8s_container"},"severity":"INFO","textPayload":"Time from pull message to finish/acknowledge: 0.029263973236083984\n","timestamp":"2019-07-15T18:05:23.868269358Z"}
{"insertId":"a0jmk8phx9ts1ph9r","labels":{"k8s-pod/pod-template-hash":"77d4f664bd","k8s-pod/run":"googlepreprocessing"},"logName":"projects/csci-8990-096-ra-abeer/logs/stdout","receiveTimestamp":"2019-07-15T18:05:53.07581072Z","resource":{"labels":{"cluster_name":"standard-cluster-1","container_name":"googlepreprocessing","location":"us-central1-a","namespace_name":"default","pod_name":"googlepreprocessing-77d4f664bd-lb5pk","project_id":"csci-8990-096-ra-abeer"},"type":"k8s_container"},"severity":"INFO","textPayload":"Time from pull message to finish/acknowledge: 0.0013580322265625\n","timestamp":"2019-07-15T18:05:23.872110051Z"}
{"insertId":"a0jmk8phx9ts1ph9y","labels":{"k8s-pod/pod-template-hash":"77d4f664bd","k8s-pod/run":"googlepreprocessing"},"logName":"projects/csci-8990-096-ra-abeer/logs/stdout","receiveTimestamp":"2019-07-15T18:05:53.07581072Z","resource":{"labels":{"cluster_name":"standard-cluster-1","container_name":"googlepreprocessing","location":"us-central1-a","namespace_name":"default","pod_name":"googlepreprocessing-77d4f664bd-lb5pk","project_id":"csci-8990-096-ra-abeer"},"type":"k8s_container"},"severity":"INFO","textPayload":"Time from pull message to finish/acknowledge: 0.005342006683349609\n","timestamp":"2019-07-15T18:05:23.873903171Z"}
{"insertId":"a0jmk8phx9ts1pi0b","labels":{"k8s-pod/pod-template-hash":"77d4f664bd","k8s-pod/run":"googlepreprocessing"},"logName":"projects/csci-8990-096-ra-abeer/logs/stdout","receiveTimestamp":"2019-07-15T18:05:53.07581072Z","resource":{"labels":{"cluster_name":"standard-cluster-1","container_name":"googlepreprocessing","location":"us-central1-a","namespace_name":"default","pod_name":"googlepreprocessing-77d4f664bd-lb5pk","project_id":"csci-8990-096-ra-abeer"},"type":"k8s_container"},"severity":"INFO","textPayload":"Time from pull message to finish/acknowledge: 0.0020551681518554688\n","timestamp":"2019-07-15T18:05:23.874395182Z"}
{"insertId":"a0jmk8phx9ts1pi0n","labels":{"k8s-pod/pod-template-hash":"77d4f664bd","k8s-pod/run":"googlepreprocessing"},"logName":"projects/csci-8990-096-ra-abeer/logs/stdout","receiveTimestamp":"2019-07-15T18:05:53.07581072Z","resource":{"labels":{"cluster_name":"standard-cluster-1","container_name":"googlepreprocessing","location":"us-central1-a","namespace_name":"default","pod_name":"googlepreprocessing-77d4f664bd-lb5pk","project_id":"csci-8990-096-ra-abeer"},"type":"k8s_container"},"severity":"INFO","textPayload":"Time from pull message to finish/acknowledge: 0.021255016326904297\n","timestamp":"2019-07-15T18:05:23.877940799Z"}
{"insertId":"a0jmk8phx9ts1pi0r","labels":{"k8s-pod/pod-template-hash":"77d4f664bd","k8s-pod/run":"googlepreprocessing"},"logName":"projects/csci-8990-096-ra-abeer/logs/stdout","receiveTimestamp":"2019-07-15T18:05:53.07581072Z","resource":{"labels":{"cluster_name":"standard-cluster-1","container_name":"googlepreprocessing","location":"us-central1-a","namespace_name":"default","pod_name":"googlepreprocessing-77d4f664bd-lb5pk","project_id":"csci-8990-096-ra-abeer"},"type":"k8s_container"},"severity":"INFO","textPayload":"Time from pull message to finish/acknowledge: 0.022270679473876953\n","timestamp":"2019-07-15T18:05:23.878564375Z"}
{"insertId":"a0jmk8phx9ts1pi0u","labels":{"k8s-pod/pod-template-hash":"77d4f664bd","k8s-pod/run":"googlepreprocessing"},"logName":"projects/csci-8990-096-ra-abeer/logs/stdout","receiveTimestamp":"2019-07-15T18:05:53.07581072Z","resource":{"labels":{"cluster_name":"standard-cluster-1","container_name":"googlepreprocessing","location":"us-central1-a","namespace_name":"default","pod_name":"googlepreprocessing-77d4f664bd-lb5pk","project_id":"csci-8990-096-ra-abeer"},"type":"k8s_container"},"severity":"INFO","textPayload":"Time from pull message to finish/acknowledge: 0.021030902862548828\n","timestamp":"2019-07-15T18:05:23.879140384Z"}
{"insertId":"a0jmk8phx9ts1pi0v","labels":{"k8s-pod/pod-template-hash":"77d4f664bd","k8s-pod/run":"googlepreprocessing"},"logName":"projects/csci-8990-096-ra-abeer/logs/stdout","receiveTimestamp":"2019-07-15T18:05:53.07581072Z","resource":{"labels":{"cluster_name":"standard-cluster-1","container_name":"googlepreprocessing","location":"us-central1-a","namespace_name":"default","pod_name":"googlepreprocessing-77d4f664bd-lb5pk","project_id":"csci-8990-096-ra-abeer"},"type":"k8s_container"},"severity":"INFO","textPayload":"Time from pull message to finish/acknowledge: 0.005144834518432617\n","timestamp":"2019-07-15T18:05:23.879236373Z"}
{"insertId":"a0jmk8phx9ts1pi1e","labels":{"k8s-pod/pod-template-hash":"77d4f664bd","k8s-pod/run":"googlepreprocessing"},"logName":"projects/csci-8990-096-ra-abeer/logs/stdout","receiveTimestamp":"2019-07-15T18:05:53.07581072Z","resource":{"labels":{"cluster_name":"standard-cluster-1","container_name":"googlepreprocessing","location":"us-central1-a","namespace_name":"default","pod_name":"googlepreprocessing-77d4f664bd-lb5pk","project_id":"csci-8990-096-ra-abeer"},"type":"k8s_container"},"severity":"INFO","textPayload":"Time from pull message to finish/acknowledge: 0.005030155181884766\n","timestamp":"2019-07-15T18:05:23.880749192Z"}
{"insertId":"a0jmk8phx9ts1pi1g","labels":{"k8s-pod/pod-template-hash":"77d4f664bd","k8s-pod/run":"googlepreprocessing"},"logName":"projects/csci-8990-096-ra-abeer/logs/stdout","receiveTimestamp":"2019-07-15T18:05:53.07581072Z","resource":{"labels":{"cluster_name":"standard-cluster-1","container_name":"googlepreprocessing","location":"us-central1-a","namespace_name":"default","pod_name":"googlepreprocessing-77d4f664bd-lb5pk","project_id":"csci-8990-096-ra-abeer"},"type":"k8s_container"},"severity":"INFO","textPayload":"Time from pull message to finish/acknowledge: 0.019103527069091797\n","timestamp":"2019-07-15T18:05:23.881329315Z"}
{"insertId":"a0jmk8phx9ts1pi1i","labels":{"k8s-pod/pod-template-hash":"77d4f664bd","k8s-pod/run":"googlepreprocessing"},"logName":"projects/csci-8990-096-ra-abeer/logs/stdout","receiveTimestamp":"2019-07-15T18:05:53.07581072Z","resource":{"labels":{"cluster_name":"standard-cluster-1","container_name":"googlepreprocessing","location":"us-central1-a","namespace_name":"default","pod_name":"googlepreprocessing-77d4f664bd-lb5pk","project_id":"csci-8990-096-ra-abeer"},"type":"k8s_container"},"severity":"INFO","textPayload":"Time from pull message to finish/acknowledge: 0.019022703170776367\n","timestamp":"2019-07-15T18:05:23.881587626Z"}
{"insertId":"a0jmk8phx9ts1pi1u","labels":{"k8s-pod/pod-template-hash":"77d4f664bd","k8s-pod/run":"googlepreprocessing"},"logName":"projects/csci-8990-096-ra-abeer/logs/stdout","receiveTimestamp":"2019-07-15T18:05:53.07581072Z","resource":{"labels":{"cluster_name":"standard-cluster-1","container_name":"googlepreprocessing","location":"us-central1-a","namespace_name":"default","pod_name":"googlepreprocessing-77d4f664bd-lb5pk","project_id":"csci-8990-096-ra-abeer"},"type":"k8s_container"},"severity":"INFO","textPayload":"Time from pull message to finish/acknowledge: 0.008345842361450195\n","timestamp":"2019-07-15T18:05:23.886515039Z"}
{"insertId":"a0jmk8phx9ts1pi2b","labels":{"k8s-pod/pod-template-hash":"77d4f664bd","k8s-pod/run":"googlepreprocessing"},"logName":"projects/csci-8990-096-ra-abeer/logs/stdout","receiveTimestamp":"2019-07-15T18:05:53.07581072Z","resource":{"labels":{"cluster_name":"standard-cluster-1","container_name":"googlepreprocessing","location":"us-central1-a","namespace_name":"default","pod_name":"googlepreprocessing-77d4f664bd-lb5pk","project_id":"csci-8990-096-ra-abeer"},"type":"k8s_container"},"severity":"INFO","textPayload":"Time from pull message to finish/acknowledge: 0.0022041797637939453\n","timestamp":"2019-07-15T18:05:23.888905757Z"}
{"insertId":"a0jmk8phx9ts1pi2d","labels":{"k8s-pod/pod-template-hash":"77d4f664bd","k8s-pod/run":"googlepreprocessing"},"logName":"projects/csci-8990-096-ra-abeer/logs/stdout","receiveTimestamp":"2019-07-15T18:05:53.07581072Z","resource":{"labels":{"cluster_name":"standard-cluster-1","container_name":"googlepreprocessing","location":"us-central1-a","namespace_name":"default","pod_name":"googlepreprocessing-77d4f664bd-lb5pk","project_id":"csci-8990-096-ra-abeer"},"type":"k8s_container"},"severity":"INFO","textPayload":"Time from pull message to finish/acknowledge: 0.004724740982055664\n","timestamp":"2019-07-15T18:05:23.889441644Z"}
{"insertId":"a0jmk8phx9ts1pi2k","labels":{"k8s-pod/pod-template-hash":"77d4f664bd","k8s-pod/run":"googlepreprocessing"},"logName":"projects/csci-8990-096-ra-abeer/logs/stdout","receiveTimestamp":"2019-07-15T18:05:53.07581072Z","resource":{"labels":{"cluster_name":"standard-cluster-1","container_name":"googlepreprocessing","location":"us-central1-a","namespace_name":"default","pod_name":"googlepreprocessing-77d4f664bd-lb5pk","project_id":"csci-8990-096-ra-abeer"},"type":"k8s_container"},"severity":"INFO","textPayload":"Time from pull message to finish/acknowledge: 0.012003660202026367\n","timestamp":"2019-07-15T18:05:23.890913322Z"}
{"insertId":"a0jmk8phx9ts1pi2p","labels":{"k8s-pod/pod-template-hash":"77d4f664bd","k8s-pod/run":"googlepreprocessing"},"logName":"projects/csci-8990-096-ra-abeer/logs/stdout","receiveTimestamp":"2019-07-15T18:05:53.07581072Z","resource":{"labels":{"cluster_name":"standard-cluster-1","container_name":"googlepreprocessing","location":"us-central1-a","namespace_name":"default","pod_name":"googlepreprocessing-77d4f664bd-lb5pk","project_id":"csci-8990-096-ra-abeer"},"type":"k8s_container"},"severity":"INFO","textPayload":"Time from pull message to finish/acknowledge: 0.030272960662841797\n","timestamp":"2019-07-15T18:05:23.892058274Z"}
{"insertId":"a0jmk8phx9ts1pi2u","labels":{"k8s-pod/pod-template-hash":"77d4f664bd","k8s-pod/run":"googlepreprocessing"},"logName":"projects/csci-8990-096-ra-abeer/logs/stdout","receiveTimestamp":"2019-07-15T18:05:53.07581072Z","resource":{"labels":{"cluster_name":"standard-cluster-1","container_name":"googlepreprocessing","location":"us-central1-a","namespace_name":"default","pod_name":"googlepreprocessing-77d4f664bd-lb5pk","project_id":"csci-8990-096-ra-abeer"},"type":"k8s_container"},"severity":"INFO","textPayload":"Time from pull message to finish/acknowledge: 0.027803897857666016\n","timestamp":"2019-07-15T18:05:23.893722841Z"}
{"insertId":"a0jmk8phx9ts1pi3f","labels":{"k8s-pod/pod-template-hash":"77d4f664bd","k8s-pod/run":"googlepreprocessing"},"logName":"projects/csci-8990-096-ra-abeer/logs/stdout","receiveTimestamp":"2019-07-15T18:05:53.07581072Z","resource":{"labels":{"cluster_name":"standard-cluster-1","container_name":"googlepreprocessing","location":"us-central1-a","namespace_name":"default","pod_name":"googlepreprocessing-77d4f664bd-lb5pk","project_id":"csci-8990-096-ra-abeer"},"type":"k8s_container"},"severity":"INFO","textPayload":"Time from pull message to finish/acknowledge: 0.015144586563110352\n","timestamp":"2019-07-15T18:05:23.896910109Z"}
{"insertId":"a0jmk8phx9ts1pi3o","labels":{"k8s-pod/pod-template-hash":"77d4f664bd","k8s-pod/run":"googlepreprocessing"},"logName":"projects/csci-8990-096-ra-abeer/logs/stdout","receiveTimestamp":"2019-07-15T18:05:53.07581072Z","resource":{"labels":{"cluster_name":"standard-cluster-1","container_name":"googlepreprocessing","location":"us-central1-a","namespace_name":"default","pod_name":"googlepreprocessing-77d4f664bd-lb5pk","project_id":"csci-8990-096-ra-abeer"},"type":"k8s_container"},"severity":"INFO","textPayload":"Time from pull message to finish/acknowledge: 0.005450010299682617\n","timestamp":"2019-07-15T18:05:23.900666021Z"}
{"insertId":"a0jmk8phx9ts1pi3p","labels":{"k8s-pod/pod-template-hash":"77d4f664bd","k8s-pod/run":"googlepreprocessing"},"logName":"projects/csci-8990-096-ra-abeer/logs/stdout","receiveTimestamp":"2019-07-15T18:05:53.07581072Z","resource":{"labels":{"cluster_name":"standard-cluster-1","container_name":"googlepreprocessing","location":"us-central1-a","namespace_name":"default","pod_name":"googlepreprocessing-77d4f664bd-lb5pk","project_id":"csci-8990-096-ra-abeer"},"type":"k8s_container"},"severity":"INFO","textPayload":"Time from pull message to finish/acknowledge: 0.020364999771118164\n","timestamp":"2019-07-15T18:05:23.900812784Z"}
{"insertId":"a0jmk8phx9ts1pi3s","labels":{"k8s-pod/pod-template-hash":"77d4f664bd","k8s-pod/run":"googlepreprocessing"},"logName":"projects/csci-8990-096-ra-abeer/logs/stdout","receiveTimestamp":"2019-07-15T18:05:53.07581072Z","resource":{"labels":{"cluster_name":"standard-cluster-1","container_name":"googlepreprocessing","location":"us-central1-a","namespace_name":"default","pod_name":"googlepreprocessing-77d4f664bd-lb5pk","project_id":"csci-8990-096-ra-abeer"},"type":"k8s_container"},"severity":"INFO","textPayload":"Time from pull message to finish/acknowledge: 0.008388757705688477\n","timestamp":"2019-07-15T18:05:23.902284155Z"}
{"insertId":"a0jmk8phx9ts1pi3u","labels":{"k8s-pod/pod-template-hash":"77d4f664bd","k8s-pod/run":"googlepreprocessing"},"logName":"projects/csci-8990-096-ra-abeer/logs/stdout","receiveTimestamp":"2019-07-15T18:05:53.07581072Z","resource":{"labels":{"cluster_name":"standard-cluster-1","container_name":"googlepreprocessing","location":"us-central1-a","namespace_name":"default","pod_name":"googlepreprocessing-77d4f664bd-lb5pk","project_id":"csci-8990-096-ra-abeer"},"type":"k8s_container"},"severity":"INFO","textPayload":"Time from pull message to finish/acknowledge: 0.02578139305114746\n","timestamp":"2019-07-15T18:05:23.902821678Z"}
{"insertId":"a0jmk8phx9ts1pi4h","labels":{"k8s-pod/pod-template-hash":"77d4f664bd","k8s-pod/run":"googlepreprocessing"},"logName":"projects/csci-8990-096-ra-abeer/logs/stdout","receiveTimestamp":"2019-07-15T18:05:53.07581072Z","resource":{"labels":{"cluster_name":"standard-cluster-1","container_name":"googlepreprocessing","location":"us-central1-a","namespace_name":"default","pod_name":"googlepreprocessing-77d4f664bd-lb5pk","project_id":"csci-8990-096-ra-abeer"},"type":"k8s_container"},"severity":"INFO","textPayload":"Time from pull message to finish/acknowledge: 0.0040035247802734375\n","timestamp":"2019-07-15T18:05:23.9079083Z"}
{"insertId":"a0jmk8phx9ts1pi4j","labels":{"k8s-pod/pod-template-hash":"77d4f664bd","k8s-pod/run":"googlepreprocessing"},"logName":"projects/csci-8990-096-ra-abeer/logs/stdout","receiveTimestamp":"2019-07-15T18:05:53.07581072Z","resource":{"labels":{"cluster_name":"standard-cluster-1","container_name":"googlepreprocessing","location":"us-central1-a","namespace_name":"default","pod_name":"googlepreprocessing-77d4f664bd-lb5pk","project_id":"csci-8990-096-ra-abeer"},"type":"k8s_container"},"severity":"INFO","textPayload":"Time from pull message to finish/acknowledge: 0.02783799171447754\n","timestamp":"2019-07-15T18:05:23.908139345Z"}
{"insertId":"a0jmk8phx9ts1pi4v","labels":{"k8s-pod/pod-template-hash":"77d4f664bd","k8s-pod/run":"googlepreprocessing"},"logName":"projects/csci-8990-096-ra-abeer/logs/stdout","receiveTimestamp":"2019-07-15T18:05:53.07581072Z","resource":{"labels":{"cluster_name":"standard-cluster-1","container_name":"googlepreprocessing","location":"us-central1-a","namespace_name":"default","pod_name":"googlepreprocessing-77d4f664bd-lb5pk","project_id":"csci-8990-096-ra-abeer"},"type":"k8s_container"},"severity":"INFO","textPayload":"Time from pull message to finish/acknowledge: 0.021855831146240234\n","timestamp":"2019-07-15T18:05:23.912489671Z"}
{"insertId":"a0jmk8phx9ts1pi5c","labels":{"k8s-pod/pod-template-hash":"77d4f664bd","k8s-pod/run":"googlepreprocessing"},"logName":"projects/csci-8990-096-ra-abeer/logs/stdout","receiveTimestamp":"2019-07-15T18:05:53.07581072Z","resource":{"labels":{"cluster_name":"standard-cluster-1","container_name":"googlepreprocessing","location":"us-central1-a","namespace_name":"default","pod_name":"googlepreprocessing-77d4f664bd-lb5pk","project_id":"csci-8990-096-ra-abeer"},"type":"k8s_container"},"severity":"INFO","textPayload":"Time from pull message to finish/acknowledge: 0.023957014083862305\n","timestamp":"2019-07-15T18:05:23.915051038Z"}
{"insertId":"a0jmk8phx9ts1pi5u","labels":{"k8s-pod/pod-template-hash":"77d4f664bd","k8s-pod/run":"googlepreprocessing"},"logName":"projects/csci-8990-096-ra-abeer/logs/stdout","receiveTimestamp":"2019-07-15T18:05:53.07581072Z","resource":{"labels":{"cluster_name":"standard-cluster-1","container_name":"googlepreprocessing","location":"us-central1-a","namespace_name":"default","pod_name":"googlepreprocessing-77d4f664bd-lb5pk","project_id":"csci-8990-096-ra-abeer"},"type":"k8s_container"},"severity":"INFO","textPayload":"Time from pull message to finish/acknowledge: 0.0243682861328125\n","timestamp":"2019-07-15T18:05:23.921052166Z"}
{"insertId":"a0jmk8phx9ts1pi5v","labels":{"k8s-pod/pod-template-hash":"77d4f664bd","k8s-pod/run":"googlepreprocessing"},"logName":"projects/csci-8990-096-ra-abeer/logs/stdout","receiveTimestamp":"2019-07-15T18:05:53.07581072Z","resource":{"labels":{"cluster_name":"standard-cluster-1","container_name":"googlepreprocessing","location":"us-central1-a","namespace_name":"default","pod_name":"googlepreprocessing-77d4f664bd-lb5pk","project_id":"csci-8990-096-ra-abeer"},"type":"k8s_container"},"severity":"INFO","textPayload":"Time from pull message to finish/acknowledge: 0.016462087631225586\n","timestamp":"2019-07-15T18:05:23.921166432Z"}
{"insertId":"a0jmk8phx9ts1pi5z","labels":{"k8s-pod/pod-template-hash":"77d4f664bd","k8s-pod/run":"googlepreprocessing"},"logName":"projects/csci-8990-096-ra-abeer/logs/stdout","receiveTimestamp":"2019-07-15T18:05:53.07581072Z","resource":{"labels":{"cluster_name":"standard-cluster-1","container_name":"googlepreprocessing","location":"us-central1-a","namespace_name":"default","pod_name":"googlepreprocessing-77d4f664bd-lb5pk","project_id":"csci-8990-096-ra-abeer"},"type":"k8s_container"},"severity":"INFO","textPayload":"Time from pull message to finish/acknowledge: 0.025405168533325195\n","timestamp":"2019-07-15T18:05:23.922519827Z"}
{"insertId":"a0jmk8phx9ts1pi6e","labels":{"k8s-pod/pod-template-hash":"77d4f664bd","k8s-pod/run":"googlepreprocessing"},"logName":"projects/csci-8990-096-ra-abeer/logs/stdout","receiveTimestamp":"2019-07-15T18:05:53.07581072Z","resource":{"labels":{"cluster_name":"standard-cluster-1","container_name":"googlepreprocessing","location":"us-central1-a","namespace_name":"default","pod_name":"googlepreprocessing-77d4f664bd-lb5pk","project_id":"csci-8990-096-ra-abeer"},"type":"k8s_container"},"severity":"INFO","textPayload":"Time from pull message to finish/acknowledge: 0.029761791229248047\n","timestamp":"2019-07-15T18:05:23.923175524Z"}
{"insertId":"a0jmk8phx9ts1pi6n","labels":{"k8s-pod/pod-template-hash":"77d4f664bd","k8s-pod/run":"googlepreprocessing"},"logName":"projects/csci-8990-096-ra-abeer/logs/stdout","receiveTimestamp":"2019-07-15T18:05:53.07581072Z","resource":{"labels":{"cluster_name":"standard-cluster-1","container_name":"googlepreprocessing","location":"us-central1-a","namespace_name":"default","pod_name":"googlepreprocessing-77d4f664bd-lb5pk","project_id":"csci-8990-096-ra-abeer"},"type":"k8s_container"},"severity":"INFO","textPayload":"Time from pull message to finish/acknowledge: 0.014053583145141602\n","timestamp":"2019-07-15T18:05:23.925995695Z"}
{"insertId":"a0jmk8phx9ts1pi6q","labels":{"k8s-pod/pod-template-hash":"77d4f664bd","k8s-pod/run":"googlepreprocessing"},"logName":"projects/csci-8990-096-ra-abeer/logs/stdout","receiveTimestamp":"2019-07-15T18:05:53.07581072Z","resource":{"labels":{"cluster_name":"standard-cluster-1","container_name":"googlepreprocessing","location":"us-central1-a","namespace_name":"default","pod_name":"googlepreprocessing-77d4f664bd-lb5pk","project_id":"csci-8990-096-ra-abeer"},"type":"k8s_container"},"severity":"INFO","textPayload":"Time from pull message to finish/acknowledge: 0.018074512481689453\n","timestamp":"2019-07-15T18:05:23.926429213Z"}
{"insertId":"a0jmk8phx9ts1pi6y","labels":{"k8s-pod/pod-template-hash":"77d4f664bd","k8s-pod/run":"googlepreprocessing"},"logName":"projects/csci-8990-096-ra-abeer/logs/stdout","receiveTimestamp":"2019-07-15T18:05:53.07581072Z","resource":{"labels":{"cluster_name":"standard-cluster-1","container_name":"googlepreprocessing","location":"us-central1-a","namespace_name":"default","pod_name":"googlepreprocessing-77d4f664bd-lb5pk","project_id":"csci-8990-096-ra-abeer"},"type":"k8s_container"},"severity":"INFO","textPayload":"Time from pull message to finish/acknowledge: 0.012763738632202148\n","timestamp":"2019-07-15T18:05:23.92899166Z"}
{"insertId":"a0jmk8phx9ts1pi7a","labels":{"k8s-pod/pod-template-hash":"77d4f664bd","k8s-pod/run":"googlepreprocessing"},"logName":"projects/csci-8990-096-ra-abeer/logs/stdout","receiveTimestamp":"2019-07-15T18:05:53.07581072Z","resource":{"labels":{"cluster_name":"standard-cluster-1","container_name":"googlepreprocessing","location":"us-central1-a","namespace_name":"default","pod_name":"googlepreprocessing-77d4f664bd-lb5pk","project_id":"csci-8990-096-ra-abeer"},"type":"k8s_container"},"severity":"INFO","textPayload":"Time from pull message to finish/acknowledge: 0.012242555618286133\n","timestamp":"2019-07-15T18:05:23.929332805Z"}
{"insertId":"a0jmk8phx9ts1pi7b","labels":{"k8s-pod/pod-template-hash":"77d4f664bd","k8s-pod/run":"googlepreprocessing"},"logName":"projects/csci-8990-096-ra-abeer/logs/stdout","receiveTimestamp":"2019-07-15T18:05:53.07581072Z","resource":{"labels":{"cluster_name":"standard-cluster-1","container_name":"googlepreprocessing","location":"us-central1-a","namespace_name":"default","pod_name":"googlepreprocessing-77d4f664bd-lb5pk","project_id":"csci-8990-096-ra-abeer"},"type":"k8s_container"},"severity":"INFO","textPayload":"Time from pull message to finish/acknowledge: 0.02436232566833496\n","timestamp":"2019-07-15T18:05:23.929472158Z"}
{"insertId":"a0jmk8phx9ts1pi7h","labels":{"k8s-pod/pod-template-hash":"77d4f664bd","k8s-pod/run":"googlepreprocessing"},"logName":"projects/csci-8990-096-ra-abeer/logs/stdout","receiveTimestamp":"2019-07-15T18:05:53.07581072Z","resource":{"labels":{"cluster_name":"standard-cluster-1","container_name":"googlepreprocessing","location":"us-central1-a","namespace_name":"default","pod_name":"googlepreprocessing-77d4f664bd-lb5pk","project_id":"csci-8990-096-ra-abeer"},"type":"k8s_container"},"severity":"INFO","textPayload":"Time from pull message to finish/acknowledge: 0.012737512588500977\n","timestamp":"2019-07-15T18:05:23.930043114Z"}
{"insertId":"a0jmk8phx9ts1pi7n","labels":{"k8s-pod/pod-template-hash":"77d4f664bd","k8s-pod/run":"googlepreprocessing"},"logName":"projects/csci-8990-096-ra-abeer/logs/stdout","receiveTimestamp":"2019-07-15T18:05:53.07581072Z","resource":{"labels":{"cluster_name":"standard-cluster-1","container_name":"googlepreprocessing","location":"us-central1-a","namespace_name":"default","pod_name":"googlepreprocessing-77d4f664bd-lb5pk","project_id":"csci-8990-096-ra-abeer"},"type":"k8s_container"},"severity":"INFO","textPayload":"Time from pull message to finish/acknowledge: 0.006115436553955078\n","timestamp":"2019-07-15T18:05:23.932149668Z"}
{"insertId":"a0jmk8phx9ts1pi7r","labels":{"k8s-pod/pod-template-hash":"77d4f664bd","k8s-pod/run":"googlepreprocessing"},"logName":"projects/csci-8990-096-ra-abeer/logs/stdout","receiveTimestamp":"2019-07-15T18:05:53.07581072Z","resource":{"labels":{"cluster_name":"standard-cluster-1","container_name":"googlepreprocessing","location":"us-central1-a","namespace_name":"default","pod_name":"googlepreprocessing-77d4f664bd-lb5pk","project_id":"csci-8990-096-ra-abeer"},"type":"k8s_container"},"severity":"INFO","textPayload":"Time from pull message to finish/acknowledge: 0.00978994369506836\n","timestamp":"2019-07-15T18:05:23.933084081Z"}
{"insertId":"a0jmk8phx9ts1pi7x","labels":{"k8s-pod/pod-template-hash":"77d4f664bd","k8s-pod/run":"googlepreprocessing"},"logName":"projects/csci-8990-096-ra-abeer/logs/stdout","receiveTimestamp":"2019-07-15T18:05:53.07581072Z","resource":{"labels":{"cluster_name":"standard-cluster-1","container_name":"googlepreprocessing","location":"us-central1-a","namespace_name":"default","pod_name":"googlepreprocessing-77d4f664bd-lb5pk","project_id":"csci-8990-096-ra-abeer"},"type":"k8s_container"},"severity":"INFO","textPayload":"Time from pull message to finish/acknowledge: 0.011945962905883789\n","timestamp":"2019-07-15T18:05:23.934731093Z"}
{"insertId":"a0jmk8phx9ts1pi8d","labels":{"k8s-pod/pod-template-hash":"77d4f664bd","k8s-pod/run":"googlepreprocessing"},"logName":"projects/csci-8990-096-ra-abeer/logs/stdout","receiveTimestamp":"2019-07-15T18:05:53.07581072Z","resource":{"labels":{"cluster_name":"standard-cluster-1","container_name":"googlepreprocessing","location":"us-central1-a","namespace_name":"default","pod_name":"googlepreprocessing-77d4f664bd-lb5pk","project_id":"csci-8990-096-ra-abeer"},"type":"k8s_container"},"severity":"INFO","textPayload":"Time from pull message to finish/acknowledge: 0.01291036605834961\n","timestamp":"2019-07-15T18:05:23.935467003Z"}
{"insertId":"a0jmk8phx9ts1pi8o","labels":{"k8s-pod/pod-template-hash":"77d4f664bd","k8s-pod/run":"googlepreprocessing"},"logName":"projects/csci-8990-096-ra-abeer/logs/stdout","receiveTimestamp":"2019-07-15T18:05:53.07581072Z","resource":{"labels":{"cluster_name":"standard-cluster-1","container_name":"googlepreprocessing","location":"us-central1-a","namespace_name":"default","pod_name":"googlepreprocessing-77d4f664bd-lb5pk","project_id":"csci-8990-096-ra-abeer"},"type":"k8s_container"},"severity":"INFO","textPayload":"Time from pull message to finish/acknowledge: 0.009485483169555664\n","timestamp":"2019-07-15T18:05:23.938525236Z"}
{"insertId":"a0jmk8phx9ts1pi8t","labels":{"k8s-pod/pod-template-hash":"77d4f664bd","k8s-pod/run":"googlepreprocessing"},"logName":"projects/csci-8990-096-ra-abeer/logs/stdout","receiveTimestamp":"2019-07-15T18:05:53.07581072Z","resource":{"labels":{"cluster_name":"standard-cluster-1","container_name":"googlepreprocessing","location":"us-central1-a","namespace_name":"default","pod_name":"googlepreprocessing-77d4f664bd-lb5pk","project_id":"csci-8990-096-ra-abeer"},"type":"k8s_container"},"severity":"INFO","textPayload":"Time from pull message to finish/acknowledge: 0.004622697830200195\n","timestamp":"2019-07-15T18:05:23.939538849Z"}
{"insertId":"a0jmk8phx9ts1pi8y","labels":{"k8s-pod/pod-template-hash":"77d4f664bd","k8s-pod/run":"googlepreprocessing"},"logName":"projects/csci-8990-096-ra-abeer/logs/stdout","receiveTimestamp":"2019-07-15T18:05:53.07581072Z","resource":{"labels":{"cluster_name":"standard-cluster-1","container_name":"googlepreprocessing","location":"us-central1-a","namespace_name":"default","pod_name":"googlepreprocessing-77d4f664bd-lb5pk","project_id":"csci-8990-096-ra-abeer"},"type":"k8s_container"},"severity":"INFO","textPayload":"Time from pull message to finish/acknowledge: 0.006059885025024414\n","timestamp":"2019-07-15T18:05:23.941706589Z"}
{"insertId":"a0jmk8phx9ts1pi9b","labels":{"k8s-pod/pod-template-hash":"77d4f664bd","k8s-pod/run":"googlepreprocessing"},"logName":"projects/csci-8990-096-ra-abeer/logs/stdout","receiveTimestamp":"2019-07-15T18:05:53.07581072Z","resource":{"labels":{"cluster_name":"standard-cluster-1","container_name":"googlepreprocessing","location":"us-central1-a","namespace_name":"default","pod_name":"googlepreprocessing-77d4f664bd-lb5pk","project_id":"csci-8990-096-ra-abeer"},"type":"k8s_container"},"severity":"INFO","textPayload":"Time from pull message to finish/acknowledge: 0.009787797927856445\n","timestamp":"2019-07-15T18:05:23.942116745Z"}
{"insertId":"a0jmk8phx9ts1pi9d","labels":{"k8s-pod/pod-template-hash":"77d4f664bd","k8s-pod/run":"googlepreprocessing"},"logName":"projects/csci-8990-096-ra-abeer/logs/stdout","receiveTimestamp":"2019-07-15T18:05:53.07581072Z","resource":{"labels":{"cluster_name":"standard-cluster-1","container_name":"googlepreprocessing","location":"us-central1-a","namespace_name":"default","pod_name":"googlepreprocessing-77d4f664bd-lb5pk","project_id":"csci-8990-096-ra-abeer"},"type":"k8s_container"},"severity":"INFO","textPayload":"Time from pull message to finish/acknowledge: 0.009083271026611328\n","timestamp":"2019-07-15T18:05:23.94235184Z"}
{"insertId":"a0jmk8phx9ts1pi9t","labels":{"k8s-pod/pod-template-hash":"77d4f664bd","k8s-pod/run":"googlepreprocessing"},"logName":"projects/csci-8990-096-ra-abeer/logs/stdout","receiveTimestamp":"2019-07-15T18:05:53.07581072Z","resource":{"labels":{"cluster_name":"standard-cluster-1","container_name":"googlepreprocessing","location":"us-central1-a","namespace_name":"default","pod_name":"googlepreprocessing-77d4f664bd-lb5pk","project_id":"csci-8990-096-ra-abeer"},"type":"k8s_container"},"severity":"INFO","textPayload":"Time from pull message to finish/acknowledge: 0.008175849914550781\n","timestamp":"2019-07-15T18:05:23.946901232Z"}
{"insertId":"a0jmk8phx9ts1pj0c","labels":{"k8s-pod/pod-template-hash":"77d4f664bd","k8s-pod/run":"googlepreprocessing"},"logName":"projects/csci-8990-096-ra-abeer/logs/stdout","receiveTimestamp":"2019-07-15T18:05:53.07581072Z","resource":{"labels":{"cluster_name":"standard-cluster-1","container_name":"googlepreprocessing","location":"us-central1-a","namespace_name":"default","pod_name":"googlepreprocessing-77d4f664bd-lb5pk","project_id":"csci-8990-096-ra-abeer"},"type":"k8s_container"},"severity":"INFO","textPayload":"Time from pull message to finish/acknowledge: 0.01882171630859375\n","timestamp":"2019-07-15T18:05:23.950095645Z"}
{"insertId":"a0jmk8phx9ts1pj0g","labels":{"k8s-pod/pod-template-hash":"77d4f664bd","k8s-pod/run":"googlepreprocessing"},"logName":"projects/csci-8990-096-ra-abeer/logs/stdout","receiveTimestamp":"2019-07-15T18:05:53.07581072Z","resource":{"labels":{"cluster_name":"standard-cluster-1","container_name":"googlepreprocessing","location":"us-central1-a","namespace_name":"default","pod_name":"googlepreprocessing-77d4f664bd-lb5pk","project_id":"csci-8990-096-ra-abeer"},"type":"k8s_container"},"severity":"INFO","textPayload":"Time from pull message to finish/acknowledge: 0.02446460723876953\n","timestamp":"2019-07-15T18:05:23.952262818Z"}
{"insertId":"a0jmk8phx9ts1pj0h","labels":{"k8s-pod/pod-template-hash":"77d4f664bd","k8s-pod/run":"googlepreprocessing"},"logName":"projects/csci-8990-096-ra-abeer/logs/stdout","receiveTimestamp":"2019-07-15T18:05:53.07581072Z","resource":{"labels":{"cluster_name":"standard-cluster-1","container_name":"googlepreprocessing","location":"us-central1-a","namespace_name":"default","pod_name":"googlepreprocessing-77d4f664bd-lb5pk","project_id":"csci-8990-096-ra-abeer"},"type":"k8s_container"},"severity":"INFO","textPayload":"Time from pull message to finish/acknowledge: 0.0106048583984375\n","timestamp":"2019-07-15T18:05:23.952481176Z"}
{"insertId":"a0jmk8phx9ts1pj0j","labels":{"k8s-pod/pod-template-hash":"77d4f664bd","k8s-pod/run":"googlepreprocessing"},"logName":"projects/csci-8990-096-ra-abeer/logs/stdout","receiveTimestamp":"2019-07-15T18:05:53.07581072Z","resource":{"labels":{"cluster_name":"standard-cluster-1","container_name":"googlepreprocessing","location":"us-central1-a","namespace_name":"default","pod_name":"googlepreprocessing-77d4f664bd-lb5pk","project_id":"csci-8990-096-ra-abeer"},"type":"k8s_container"},"severity":"INFO","textPayload":"Time from pull message to finish/acknowledge: 0.009853124618530273\n","timestamp":"2019-07-15T18:05:23.95276927Z"}
{"insertId":"a0jmk8phx9ts1pj0t","labels":{"k8s-pod/pod-template-hash":"77d4f664bd","k8s-pod/run":"googlepreprocessing"},"logName":"projects/csci-8990-096-ra-abeer/logs/stdout","receiveTimestamp":"2019-07-15T18:05:53.07581072Z","resource":{"labels":{"cluster_name":"standard-cluster-1","container_name":"googlepreprocessing","location":"us-central1-a","namespace_name":"default","pod_name":"googlepreprocessing-77d4f664bd-lb5pk","project_id":"csci-8990-096-ra-abeer"},"type":"k8s_container"},"severity":"INFO","textPayload":"Time from pull message to finish/acknowledge: 0.012849569320678711\n","timestamp":"2019-07-15T18:05:23.955575689Z"}
{"insertId":"a0jmk8phx9ts1pj0z","labels":{"k8s-pod/pod-template-hash":"77d4f664bd","k8s-pod/run":"googlepreprocessing"},"logName":"projects/csci-8990-096-ra-abeer/logs/stdout","receiveTimestamp":"2019-07-15T18:05:53.07581072Z","resource":{"labels":{"cluster_name":"standard-cluster-1","container_name":"googlepreprocessing","location":"us-central1-a","namespace_name":"default","pod_name":"googlepreprocessing-77d4f664bd-lb5pk","project_id":"csci-8990-096-ra-abeer"},"type":"k8s_container"},"severity":"INFO","textPayload":"Time from pull message to finish/acknowledge: 0.009303569793701172\n","timestamp":"2019-07-15T18:05:23.957446649Z"}
